time,pm25_mean,pm10_mean,no2_mean,so2_mean,co_mean,temperature_mean,temperature_min,temperature_max,rain_total,wind_speed_mean,humidity_mean,pressure_mean,dew_point_mean,wind_direction_mean,year,month,month_name,day_of_week,day_name,is_weekend,season,pm25_for_aqi,pm25_aqi,pm10_for_aqi,pm10_aqi,particle_aqi,dominant_particle,particle_aqi_category,aqi_over_100,aqi_over_150
2022-09-01,24.866666666666664,35.50833333333333,16.666666666666668,3.3666666666666667,547.625,20.9375,19.1,24.3,44.8,2.316666666666667,93.91666666666667,871.2541666666666,19.904166666666665,209.74062339070798,2022,9,September,3,Thursday,0,Monsoon,24.8,80,35.0,32,80,PM2.5,Moderate,0,0
2022-09-02,23.3125,33.35,11.299999999999999,2.7541666666666664,497.2083333333333,21.616666666666664,19.6,24.5,9.6,2.4458333333333333,92.5,871.1916666666666,20.304166666666667,284.53656002169805,2022,9,September,4,Friday,0,Monsoon,23.3,77,33.0,31,77,PM2.5,Moderate,0,0
2022-09-03,22.125,31.6375,11.066666666666668,2.345833333333333,490.9583333333333,22.325,19.5,25.9,22.5,3.9375,87.29166666666667,868.3291666666668,19.9875,125.143160522155,2022,9,September,5,Saturday,1,Monsoon,22.1,75,31.0,29,75,PM2.5,Moderate,0,0
2022-09-04,22.65416666666667,32.67916666666667,11.0875,2.8333333333333335,453.2083333333333,21.883333333333336,19.8,25.8,4.3,2.566666666666667,91.66666666666667,868.7541666666666,20.400000000000002,69.05027367843216,2022,9,September,6,Sunday,1,Monsoon,22.6,76,32.0,30,76,PM2.5,Moderate,0,0
2022-09-05,21.599999999999998,31.0125,13.345833333333333,2.3583333333333334,468.125,21.96666666666667,19.5,25.5,9.9,3.016666666666667,90.08333333333333,869.7791666666667,20.183333333333334,90.20163671740222,2022,9,September,0,Monday,0,Monsoon,21.5,74,31.0,29,74,PM2.5,Moderate,0,0
2022-09-06,23.083333333333332,33.229166666666664,12.674999999999999,2.404166666666667,454.5,22.22083333333333,19.1,27.2,11.4,2.5541666666666667,87.125,871.375,19.829166666666666,162.02636938381005,2022,9,September,1,Tuesday,0,Monsoon,23.0,77,33.0,31,77,PM2.5,Moderate,0,0
2022-09-07,22.6125,32.3375,19.316666666666666,3.654166666666667,538.75,21.491666666666664,18.8,26.0,8.0,2.7583333333333333,89.33333333333333,873.0124999999999,19.570833333333333,149.30040572147053,2022,9,September,2,Wednesday,0,Monsoon,22.6,76,32.0,30,76,PM2.5,Moderate,0,0
2022-09-08,26.2625,37.59583333333333,25.21666666666667,4.720833333333333,616.4583333333334,21.462500000000002,19.0,25.4,22.2,2.3958333333333335,89.25,873.9208333333332,19.529166666666665,145.933361318271,2022,9,September,3,Thursday,0,Monsoon,26.2,83,37.0,34,83,PM2.5,Moderate,0,0
2022-09-09,23.4375,33.545833333333334,25.204166666666666,5.0375000000000005,573.4166666666666,21.400000000000002,19.0,25.5,16.4,3.1166666666666667,88.95833333333333,873.5500000000001,19.458333333333332,130.10672270065083,2022,9,September,4,Friday,0,Monsoon,23.4,78,33.0,31,78,PM2.5,Moderate,0,0
2022-09-10,19.8875,28.454166666666666,21.454166666666666,4.466666666666667,505.75,21.125,18.5,24.9,9.5,2.858333333333333,89.04166666666667,872.4291666666667,19.179166666666667,108.49257205327376,2022,9,September,5,Saturday,1,Monsoon,19.8,71,28.0,26,71,PM2.5,Moderate,0,0
2022-09-11,21.270833333333332,30.433333333333334,15.629166666666668,4.029166666666667,476.4166666666667,21.2625,18.3,25.9,13.1,2.5833333333333335,87.25,869.8458333333333,18.979166666666668,140.84830489460052,2022,9,September,6,Sunday,1,Monsoon,21.2,74,30.0,28,74,PM2.5,Moderate,0,0
2022-09-12,17.941666666666666,25.65416666666667,18.979166666666668,4.195833333333334,488.5,21.616666666666664,18.4,25.7,23.900000000000002,3.0,86.54166666666667,869.1916666666666,19.154166666666665,132.0478647161277,2022,9,September,0,Monday,0,Monsoon,17.9,67,25.0,23,67,PM2.5,Moderate,0,0
2022-09-13,17.083333333333332,24.458333333333332,19.429166666666667,4.641666666666667,492.7083333333333,21.133333333333333,18.1,25.5,6.5,2.4125,89.16666666666667,870.3708333333334,19.170833333333334,138.91216239419236,2022,9,September,1,Tuesday,0,Monsoon,17.0,66,24.0,22,66,PM2.5,Moderate,0,0
2022-09-14,12.795833333333334,18.275000000000002,10.475,2.595833333333333,325.4166666666667,21.325,18.8,25.6,24.900000000000002,3.154166666666667,88.04166666666667,871.1291666666666,19.166666666666668,140.2482422674628,2022,9,September,2,Wednesday,0,Monsoon,12.7,58,18.0,17,58,PM2.5,Moderate,0,0
2022-09-15,11.895833333333334,16.9875,12.566666666666668,2.0708333333333333,328.2083333333333,21.287499999999998,19.4,23.9,9.2,3.1333333333333333,88.33333333333333,869.0541666666667,19.25,132.39976993676507,2022,9,September,3,Thursday,0,Monsoon,11.8,56,16.0,15,56,PM2.5,Moderate,0,0
2022-09-16,16.179166666666667,23.141666666666666,12.112499999999999,3.0666666666666664,372.9583333333333,20.825,18.9,25.0,18.2,3.029166666666667,90.625,866.8375,19.154166666666665,122.18425878464132,2022,9,September,4,Friday,0,Monsoon,16.1,64,23.0,21,64,PM2.5,Moderate,0,0
2022-09-17,16.7,23.891666666666666,15.483333333333334,2.5541666666666667,426.9166666666667,20.720833333333335,18.3,23.7,13.1,3.3874999999999997,91.70833333333333,868.6666666666666,19.295833333333334,138.13275466547933,2022,9,September,5,Saturday,1,Monsoon,16.7,65,23.0,21,65,PM2.5,Moderate,0,0
2022-09-18,23.525000000000002,33.625,18.075,3.85,516.8333333333334,21.033333333333335,18.1,26.3,3.7,2.6958333333333333,89.125,869.8833333333333,19.091666666666665,160.4024240061953,2022,9,September,6,Sunday,1,Monsoon,23.5,78,33.0,31,78,PM2.5,Moderate,0,0
2022-09-19,26.837500000000002,38.37083333333333,18.529166666666665,4.333333333333333,547.4166666666666,21.96666666666667,18.2,26.9,4.6000000000000005,2.8833333333333333,85.04166666666667,870.9583333333334,19.179166666666667,141.97093281090446,2022,9,September,0,Monday,0,Monsoon,26.8,84,38.0,35,84,PM2.5,Moderate,0,0
2022-09-20,26.275000000000002,37.56666666666667,18.208333333333332,4.1875,528.4583333333334,22.133333333333336,18.8,25.7,8.3,2.9,84.875,870.5833333333334,19.316666666666666,149.8145954376507,2022,9,September,1,Tuesday,0,Monsoon,26.2,83,37.0,34,83,PM2.5,Moderate,0,0
2022-09-21,15.129166666666668,21.704166666666666,12.458333333333334,2.2583333333333333,351.875,21.59583333333333,18.8,27.1,5.4,3.1999999999999997,87.58333333333333,870.5416666666666,19.3125,128.95581715558686,2022,9,September,2,Wednesday,0,Monsoon,15.1,62,21.0,19,62,PM2.5,Moderate,0,0
2022-09-22,15.758333333333333,22.675,13.7875,2.5791666666666666,360.9583333333333,21.733333333333334,18.5,26.2,10.9,2.8083333333333336,86.54166666666667,870.8708333333334,19.229166666666668,157.8480757030549,2022,9,September,3,Thursday,0,Monsoon,15.7,63,22.0,20,63,PM2.5,Moderate,0,0
2022-09-23,20.7375,29.787499999999998,18.629166666666666,3.3041666666666667,468.5833333333333,21.599999999999998,18.3,26.1,4.6,2.254166666666667,87.04166666666667,870.2624999999999,19.175,156.54465022418978,2022,9,September,4,Friday,0,Monsoon,20.7,73,29.0,27,73,PM2.5,Moderate,0,0
2022-09-24,16.395833333333332,23.479166666666668,15.104166666666666,2.525,426.75,20.6875,17.1,25.7,5.4,2.9,90.0,869.9833333333332,18.883333333333333,165.62684039331583,2022,9,September,5,Saturday,1,Monsoon,16.3,64,23.0,21,64,PM2.5,Moderate,0,0
2022-09-25,22.27916666666667,31.8125,14.5625,3.0708333333333333,476.8333333333333,20.45416666666667,17.6,25.6,9.7,2.8541666666666665,89.75,871.2833333333333,18.579166666666666,168.76659209453837,2022,9,September,6,Sunday,1,Monsoon,22.2,75,31.0,29,75,PM2.5,Moderate,0,0
2022-09-26,25.4875,36.458333333333336,16.645833333333332,2.1666666666666665,523.9166666666666,20.1375,16.7,25.2,8.8,3.1041666666666665,91.29166666666667,871.25,18.579166666666666,173.75622657113124,2022,9,September,0,Monday,0,Monsoon,25.4,81,36.0,33,81,PM2.5,Moderate,0,0
2022-09-27,24.962500000000002,35.704166666666666,14.674999999999999,3.0708333333333333,509.125,19.854166666666668,16.4,25.0,7.7,3.5625,90.25,870.0916666666667,18.083333333333332,163.09481709097145,2022,9,September,1,Tuesday,0,Monsoon,24.9,80,35.0,32,80,PM2.5,Moderate,0,0
2022-09-28,23.2625,33.225,19.416666666666668,3.8333333333333335,566.875,19.879166666666666,15.5,24.5,3.6,4.091666666666667,89.66666666666667,869.5208333333334,18.0125,179.10678799054668,2022,9,September,2,Wednesday,0,Monsoon,23.2,77,33.0,31,77,PM2.5,Moderate,0,0
2022-09-29,21.091666666666665,30.150000000000002,19.337500000000002,3.6833333333333336,553.4166666666666,20.654166666666665,16.0,25.5,2.8000000000000003,3.4416666666666664,88.125,870.3249999999999,18.491666666666667,172.58910510044342,2022,9,September,3,Thursday,0,Monsoon,21.0,73,30.0,28,73,PM2.5,Moderate,0,0
2022-09-30,25.083333333333332,35.887499999999996,23.27916666666667,3.983333333333333,598.8333333333334,20.470833333333335,17.0,26.1,15.4,3.233333333333333,87.29166666666667,870.3708333333334,18.183333333333334,130.26205700271058,2022,9,September,4,Friday,0,Monsoon,25.0,81,35.0,32,81,PM2.5,Moderate,0,0
2022-10-01,29.458333333333332,42.1625,28.495833333333334,4.791666666666667,677.0416666666666,20.337500000000002,17.3,25.5,10.6,3.375,84.625,869.3791666666666,17.508333333333333,146.19109549935135,2022,10,October,5,Saturday,1,Post-Monsoon,29.4,89,42.0,39,89,PM2.5,Moderate,0,0
2022-10-02,25.820833333333336,36.920833333333334,22.941666666666666,4.3374999999999995,571.9583333333334,21.691666666666666,17.3,26.6,2.6,2.6333333333333333,78.33333333333333,870.0500000000001,17.595833333333335,174.69807304786042,2022,10,October,6,Sunday,1,Post-Monsoon,25.8,82,36.0,33,82,PM2.5,Moderate,0,0
2022-10-03,28.520833333333332,40.78333333333333,23.40416666666667,5.166666666666667,604.6666666666666,21.84583333333333,17.8,26.8,2.8,3.025,80.625,871.9291666666667,18.170833333333334,175.30849506365618,2022,10,October,0,Monday,0,Post-Monsoon,28.5,87,40.0,37,87,PM2.5,Moderate,0,0
2022-10-04,22.3125,31.879166666666666,15.745833333333332,3.125,487.9166666666667,20.533333333333335,18.0,23.1,32.0,3.2083333333333335,89.125,873.3208333333333,18.604166666666668,124.91960920712775,2022,10,October,1,Tuesday,0,Post-Monsoon,22.3,76,31.0,29,76,PM2.5,Moderate,0,0
2022-10-05,15.933333333333332,22.78333333333333,18.016666666666666,2.6666666666666665,370.125,20.004166666666666,18.6,21.8,23.2,3.595833333333333,91.66666666666667,873.8291666666668,18.608333333333334,124.69861858181923,2022,10,October,2,Wednesday,0,Post-Monsoon,15.9,64,22.0,20,64,PM2.5,Moderate,0,0
2022-10-06,15.683333333333332,22.433333333333334,15.225,2.7083333333333335,353.5,18.883333333333333,16.5,20.7,26.9,3.095833333333333,94.79166666666667,873.975,17.991666666666667,136.52460713492636,2022,10,October,3,Thursday,0,Post-Monsoon,15.6,63,22.0,20,63,PM2.5,Moderate,0,0
2022-10-07,20.037499999999998,28.75,17.479166666666668,3.1,418.5833333333333,19.916666666666668,17.5,24.6,13.9,2.954166666666667,89.58333333333333,873.9541666666668,18.05,163.7720826441896,2022,10,October,4,Friday,0,Post-Monsoon,20.0,71,28.0,26,71,PM2.5,Moderate,0,0
2022-10-08,26.441666666666666,37.895833333333336,19.5125,4.908333333333333,513.4583333333334,20.245833333333334,15.6,24.2,0.30000000000000004,4.120833333333334,83.54166666666667,873.5625,17.158333333333335,216.5807891911914,2022,10,October,5,Saturday,1,Post-Monsoon,26.4,83,37.0,34,83,PM2.5,Moderate,0,0
2022-10-09,21.004166666666666,30.120833333333334,23.079166666666666,3.933333333333333,511.1666666666667,20.925,18.1,24.9,11.6,3.3833333333333333,84.83333333333333,875.1583333333333,18.1125,205.12894549865416,2022,10,October,6,Sunday,1,Post-Monsoon,21.0,73,30.0,28,73,PM2.5,Moderate,0,0
2022-10-10,24.21666666666667,34.75416666666667,24.925,3.9333333333333336,510.5833333333333,19.595833333333335,17.0,22.6,3.2,3.0749999999999997,85.375,874.1833333333334,17.041666666666668,197.56661539970088,2022,10,October,0,Monday,0,Post-Monsoon,24.2,79,34.0,31,79,PM2.5,Moderate,0,0
2022-10-11,23.55,33.71666666666667,19.708333333333332,4.058333333333334,432.0416666666667,19.508333333333333,16.3,23.3,0.3,3.858333333333333,83.16666666666667,872.5,16.433333333333334,196.80748708061108,2022,10,October,1,Tuesday,0,Post-Monsoon,23.5,78,33.0,31,78,PM2.5,Moderate,0,0
2022-10-12,20.058333333333334,28.683333333333334,14.370833333333332,2.308333333333333,374.75,18.879166666666666,14.9,23.0,0.5,3.3541666666666665,89.125,872.9,16.958333333333332,183.20452408601622,2022,10,October,2,Wednesday,0,Post-Monsoon,20.0,71,28.0,26,71,PM2.5,Moderate,0,0
2022-10-13,22.941666666666666,32.7875,13.4125,2.6083333333333334,382.125,18.516666666666666,13.5,23.2,0.2,3.1666666666666665,87.83333333333333,873.4333333333334,16.341666666666665,199.2055061632406,2022,10,October,3,Thursday,0,Post-Monsoon,22.9,77,32.0,30,77,PM2.5,Moderate,0,0
2022-10-14,24.587500000000002,35.199999999999996,15.275,2.5458333333333334,435.125,17.825,12.4,23.3,2.6,4.266666666666667,84.25,872.6833333333334,14.799999999999999,231.33202506586062,2022,10,October,4,Friday,0,Post-Monsoon,24.5,80,35.0,32,80,PM2.5,Moderate,0,0
2022-10-15,29.433333333333334,42.137499999999996,21.962500000000002,4.4750000000000005,559.7083333333334,17.891666666666666,12.1,23.5,1.9000000000000001,4.258333333333334,84.54166666666667,872.9291666666667,14.941666666666668,158.99191620984482,2022,10,October,5,Saturday,1,Post-Monsoon,29.4,89,42.0,39,89,PM2.5,Moderate,0,0
2022-10-16,32.829166666666666,47.104166666666664,22.09166666666667,3.654166666666667,582.375,17.962500000000002,12.0,24.4,0.1,4.2625,80.375,874.8125,14.245833333333332,174.94617710395187,2022,10,October,6,Sunday,1,Post-Monsoon,32.8,95,47.0,44,95,PM2.5,Moderate,0,0
2022-10-17,31.733333333333334,45.49166666666667,24.3875,5.45,617.5,17.962500000000002,12.2,25.2,0.0,4.7875,60.083333333333336,874.0041666666666,9.075000000000001,180.55482368423625,2022,10,October,0,Monday,0,Post-Monsoon,31.7,93,45.0,42,93,PM2.5,Moderate,0,0
2022-10-18,34.00833333333333,48.612500000000004,22.295833333333334,4.383333333333334,574.875,17.104166666666668,11.6,23.2,0.1,5.433333333333334,69.79166666666667,873.15,11.079166666666666,167.16642230887643,2022,10,October,1,Tuesday,0,Post-Monsoon,34.0,97,48.0,44,97,PM2.5,Moderate,0,0
2022-10-19,27.383333333333336,39.266666666666666,23.662499999999998,4.3875,537.2916666666666,15.929166666666667,11.0,21.8,0.6000000000000001,3.6374999999999997,73.08333333333333,873.2083333333334,10.762500000000001,191.4235856444687,2022,10,October,2,Wednesday,0,Post-Monsoon,27.3,85,39.0,36,85,PM2.5,Moderate,0,0
2022-10-20,31.679166666666664,45.59166666666667,27.791666666666668,4.366666666666666,642.7916666666666,16.224999999999998,11.6,21.1,0.7000000000000001,3.8708333333333336,74.125,875.1333333333333,11.291666666666666,213.24094613143973,2022,10,October,3,Thursday,0,Post-Monsoon,31.6,93,45.0,42,93,PM2.5,Moderate,0,0
2022-10-21,33.63333333333333,48.39166666666667,30.037499999999998,4.991666666666666,701.8333333333334,16.4875,11.7,22.2,0.0,4.083333333333333,70.75,876.3458333333333,10.775,191.32578758049618,2022,10,October,4,Friday,0,Post-Monsoon,33.6,97,48.0,44,97,PM2.5,Moderate,0,0
2022-10-22,32.82083333333333,47.07916666666667,33.233333333333334,6.1625000000000005,736.7916666666666,16.654166666666665,11.5,23.3,0.8,4.116666666666666,63.791666666666664,876.7416666666667,9.295833333333333,162.67921440343216,2022,10,October,5,Saturday,1,Post-Monsoon,32.8,95,47.0,44,95,PM2.5,Moderate,0,0
2022-10-23,25.391666666666666,36.34583333333333,31.808333333333334,5.570833333333333,669.75,18.266666666666666,11.5,23.9,0.4,3.4499999999999997,53.958333333333336,874.9916666666667,8.254166666666666,158.64872365277418,2022,10,October,6,Sunday,1,Post-Monsoon,25.3,81,36.0,33,81,PM2.5,Moderate,0,0
2022-10-24,23.241666666666664,33.262499999999996,24.816666666666666,5.454166666666667,605.5,18.645833333333332,13.9,24.3,0.0,3.9916666666666667,65.16666666666667,870.525,11.1875,219.70357095734153,2022,10,October,0,Monday,0,Post-Monsoon,23.2,77,33.0,31,77,PM2.5,Moderate,0,0
2022-10-25,26.3,37.612500000000004,14.125,4.416666666666667,467.5833333333333,16.429166666666667,10.5,21.6,0.0,5.458333333333333,85.58333333333333,870.3874999999999,13.795833333333334,206.39690658729302,2022,10,October,1,Tuesday,0,Post-Monsoon,26.3,83,37.0,34,83,PM2.5,Moderate,0,0
2022-10-26,44.925000000000004,64.25416666666666,9.591666666666667,7.6499999999999995,519.7083333333334,16.220833333333335,10.1,21.7,0.1,4.295833333333333,81.875,873.6541666666667,12.7875,214.33801052361386,2022,10,October,2,Wednesday,0,Post-Monsoon,44.9,124,64.0,55,124,PM2.5,Unhealthy for Sensitive Groups,1,0
2022-10-27,57.0375,81.60416666666667,17.166666666666668,8.929166666666667,645.875,16.158333333333335,11.8,20.3,2.6,3.6333333333333333,85.66666666666667,874.0166666666668,13.520833333333334,205.89843226795398,2022,10,October,3,Thursday,0,Post-Monsoon,57.0,152,81.0,64,152,PM2.5,Unhealthy,1,1
2022-10-28,56.949999999999996,81.70416666666667,25.125,9.283333333333333,759.25,15.529166666666667,11.2,19.9,1.3,3.5749999999999997,83.70833333333333,873.6041666666666,12.6,208.39313176715206,2022,10,October,4,Friday,0,Post-Monsoon,56.9,152,81.0,64,152,PM2.5,Unhealthy,1,1
2022-10-29,42.92083333333333,61.55833333333334,29.766666666666666,7.441666666666666,795.375,16.650000000000002,11.4,21.7,0.6000000000000001,3.3208333333333333,75.5,874.6291666666666,11.975,173.7091065601903,2022,10,October,5,Saturday,1,Post-Monsoon,42.9,119,61.0,54,119,PM2.5,Unhealthy for Sensitive Groups,1,0
2022-10-30,32.77916666666667,46.949999999999996,30.15416666666667,5.908333333333334,764.7083333333334,16.829166666666666,11.8,22.4,0.0,3.8625000000000003,69.16666666666667,874.5291666666667,10.7875,173.9419737569617,2022,10,October,6,Sunday,1,Post-Monsoon,32.7,95,46.0,43,95,PM2.5,Moderate,0,0
2022-10-31,28.891666666666666,41.324999999999996,32.59166666666667,4.766666666666667,785.625,16.9875,11.7,22.8,0.0,3.8375,67.66666666666667,874.8416666666667,10.695833333333333,181.72676364914636,2022,10,October,0,Monday,0,Post-Monsoon,28.8,88,41.0,38,88,PM2.5,Moderate,0,0
2022-11-01,28.52916666666667,40.824999999999996,27.3625,5.070833333333334,681.375,16.258333333333333,11.6,22.0,0.0,4.266666666666667,64.95833333333333,874.7916666666666,9.4125,194.25618127908976,2022,11,November,1,Tuesday,0,Post-Monsoon,28.5,87,40.0,37,87,PM2.5,Moderate,0,0
2022-11-02,38.025,54.32083333333333,21.941666666666666,5.7250000000000005,670.1666666666666,16.054166666666667,10.6,22.2,0.0,3.725,66.25,872.4541666666668,9.325000000000001,173.91454999006092,2022,11,November,2,Wednesday,0,Post-Monsoon,38.0,107,54.0,50,107,PM2.5,Unhealthy for Sensitive Groups,1,0
2022-11-03,47.70416666666667,68.12083333333334,24.462500000000002,6.883333333333333,730.75,16.041666666666668,10.9,21.8,0.0,4.120833333333334,71.83333333333333,873.0208333333334,10.591666666666667,174.5536506922227,2022,11,November,3,Thursday,0,Post-Monsoon,47.7,131,68.0,57,131,PM2.5,Unhealthy for Sensitive Groups,1,0
2022-11-04,55.12916666666666,79.04583333333333,31.570833333333336,9.737499999999999,934.3333333333334,16.333333333333332,11.9,22.4,0.30000000000000004,3.470833333333333,78.70833333333333,875.0375,12.299999999999999,157.82444378299112,2022,11,November,4,Friday,0,Post-Monsoon,55.1,149,79.0,63,149,PM2.5,Unhealthy for Sensitive Groups,1,0
2022-11-05,47.00416666666666,67.2625,29.370833333333334,8.9,918.8333333333334,17.058333333333334,11.9,23.2,0.1,3.204166666666667,75.29166666666667,876.7166666666667,12.2875,181.7405424968433,2022,11,November,5,Saturday,1,Post-Monsoon,47.0,129,67.0,57,129,PM2.5,Unhealthy for Sensitive Groups,1,0
2022-11-06,44.56666666666666,63.69583333333333,28.53333333333333,7.516666666666667,838.3333333333334,16.195833333333333,11.8,21.3,1.6,3.3958333333333335,74.54166666666667,875.975,11.408333333333333,182.84988549699654,2022,11,November,6,Sunday,1,Post-Monsoon,44.5,123,63.0,55,123,PM2.5,Unhealthy for Sensitive Groups,1,0
2022-11-07,38.545833333333334,55.07083333333333,23.183333333333334,5.625,738.1666666666666,15.420833333333333,11.1,20.5,0.0,4.2250000000000005,77.41666666666667,875.1583333333333,11.245833333333332,169.66053746061613,2022,11,November,0,Monday,0,Post-Monsoon,38.5,108,55.0,51,108,PM2.5,Unhealthy for Sensitive Groups,1,0
2022-11-08,47.112500000000004,67.42083333333333,15.920833333333334,3.6999999999999997,598.9583333333334,15.441666666666665,11.2,20.4,0.0,3.8874999999999997,81.0,875.2416666666667,11.9,169.31693590694582,2022,11,November,1,Tuesday,0,Post-Monsoon,47.1,130,67.0,57,130,PM2.5,Unhealthy for Sensitive Groups,1,0
2022-11-09,50.20416666666667,71.81666666666666,10.9125,3.35,527.5416666666666,15.229166666666666,11.6,19.7,1.1,3.1166666666666667,81.5,875.2083333333334,11.870833333333332,201.00709929406608,2022,11,November,2,Wednesday,0,Post-Monsoon,50.2,137,71.0,59,137,PM2.5,Unhealthy for Sensitive Groups,1,0
2022-11-10,46.37083333333334,66.28333333333333,13.370833333333332,3.7583333333333333,586.125,14.75,10.4,19.5,0.2,4.0375000000000005,81.83333333333333,874.8708333333334,11.441666666666668,216.2909267839258,2022,11,November,3,Thursday,0,Post-Monsoon,46.3,128,66.0,56,128,PM2.5,Unhealthy for Sensitive Groups,1,0
2022-11-11,54.50833333333333,77.77916666666667,17.375,3.8874999999999997,700.125,14.549999999999999,9.2,20.2,0.0,3.8958333333333335,79.5,874.1333333333333,10.729166666666666,217.74924761935998,2022,11,November,4,Friday,0,Post-Monsoon,54.5,148,77.0,62,148,PM2.5,Unhealthy for Sensitive Groups,1,0
2022-11-12,54.59166666666667,78.09583333333333,19.724999999999998,4.7,716.125,13.679166666666667,7.4,20.4,0.4,4.875,77.70833333333333,872.7208333333333,9.316666666666666,201.35736212530315,2022,11,November,5,Saturday,1,Post-Monsoon,54.5,148,78.0,62,148,PM2.5,Unhealthy for Sensitive Groups,1,0
2022-11-13,55.6875,79.69583333333334,22.816666666666666,5.8374999999999995,787.7916666666666,13.104166666666666,6.7,20.0,0.0,4.554166666666666,78.5,872.7041666666668,8.895833333333334,189.2978650913466,2022,11,November,6,Sunday,1,Post-Monsoon,55.6,151,79.0,63,151,PM2.5,Unhealthy,1,1
2022-11-14,62.99583333333334,89.99166666666667,24.0,7.308333333333334,854.0,13.616666666666667,6.9,19.2,0.0,4.191666666666666,78.125,873.5458333333332,9.629166666666666,177.56579294389508,2022,11,November,0,Monday,0,Post-Monsoon,62.9,156,89.0,68,156,PM2.5,Unhealthy,1,1
2022-11-15,68.34583333333333,97.53750000000001,25.6125,8.379166666666666,896.9583333333334,14.383333333333333,9.3,19.7,0.0,4.116666666666666,76.20833333333333,872.6875,9.983333333333333,199.17877022938643,2022,11,November,1,Tuesday,0,Post-Monsoon,68.3,160,97.0,72,160,PM2.5,Unhealthy,1,1
2022-11-16,64.77083333333333,92.49583333333334,21.808333333333334,8.4375,806.875,14.2875,9.2,19.2,0.8,3.7708333333333335,77.41666666666667,871.5166666666668,10.129166666666666,201.787570926876,2022,11,November,2,Wednesday,0,Post-Monsoon,64.7,157,92.0,69,157,PM2.5,Unhealthy,1,1
2022-11-17,57.0875,81.6875,19.079166666666666,6.458333333333333,750.5,13.133333333333333,7.6,18.6,1.2000000000000002,4.404166666666667,80.875,871.4875000000001,9.5,209.22612284597494,2022,11,November,3,Thursday,0,Post-Monsoon,57.0,152,81.0,64,152,PM2.5,Unhealthy,1,1
2022-11-18,48.21666666666667,69.1375,25.53333333333333,7.5249999999999995,793.375,13.875,8.3,19.9,0.0,3.6458333333333335,76.0,873.8958333333334,9.283333333333333,175.47935511148123,2022,11,November,4,Friday,0,Post-Monsoon,48.2,132,69.0,58,132,PM2.5,Unhealthy for Sensitive Groups,1,0
2022-11-19,49.17916666666667,70.50416666666666,36.96666666666667,6.5625,1156.7083333333333,15.258333333333333,9.2,21.2,0.0,3.5625,71.25,873.7583333333333,9.729166666666666,198.95246728926776,2022,11,November,5,Saturday,1,Post-Monsoon,49.1,134,70.0,58,134,PM2.5,Unhealthy for Sensitive Groups,1,0
2022-11-20,44.887499999999996,64.0625,29.22083333333333,5.591666666666666,994.3333333333334,14.950000000000001,9.8,21.0,0.0,4.066666666666666,70.875,872.3083333333334,9.424999999999999,187.8152370291875,2022,11,November,6,Sunday,1,Post-Monsoon,44.8,124,64.0,55,124,PM2.5,Unhealthy for Sensitive Groups,1,0
2022-11-21,53.99583333333334,77.05833333333332,31.4375,5.820833333333333,1098.2083333333333,14.670833333333334,9.3,20.9,0.0,4.595833333333333,61.833333333333336,871.1,7.091666666666666,186.2868012904705,2022,11,November,0,Monday,0,Post-Monsoon,53.9,146,77.0,62,146,PM2.5,Unhealthy for Sensitive Groups,1,0
2022-11-22,57.975,82.78750000000001,30.22083333333333,7.125,1157.5833333333333,14.008333333333333,9.1,20.0,0.0,3.533333333333333,70.625,871.1999999999999,8.291666666666666,188.0464719652528,2022,11,November,1,Tuesday,0,Post-Monsoon,57.9,153,82.0,64,153,PM2.5,Unhealthy,1,1
2022-11-23,60.949999999999996,87.03750000000001,21.125,10.379166666666666,947.3333333333334,13.441666666666668,6.0,20.3,0.0,4.054166666666666,78.5,871.0333333333333,9.333333333333334,192.63146890995066,2022,11,November,2,Wednesday,0,Post-Monsoon,60.9,155,87.0,67,155,PM2.5,Unhealthy,1,1
2022-11-24,63.32083333333333,90.52916666666665,31.116666666666664,9.433333333333334,1164.4583333333333,13.466666666666667,5.6,20.0,0.0,4.0375000000000005,74.70833333333333,872.6458333333334,8.737499999999999,181.31884345368337,2022,11,November,3,Thursday,0,Post-Monsoon,63.3,156,90.0,68,156,PM2.5,Unhealthy,1,1
2022-11-25,52.40833333333333,75.04583333333333,32.729166666666664,9.362499999999999,1152.1666666666667,15.0875,9.0,21.6,0.0,3.970833333333333,62.0,873.4333333333334,7.479166666666667,183.86906653010507,2022,11,November,4,Friday,0,Post-Monsoon,52.4,143,75.0,61,143,PM2.5,Unhealthy for Sensitive Groups,1,0
2022-11-26,41.09166666666667,58.71666666666667,30.741666666666664,6.691666666666666,1113.7916666666667,15.387500000000001,10.4,21.8,0.0,4.041666666666667,60.0,871.4541666666668,7.045833333333333,185.8111926283554,2022,11,November,5,Saturday,1,Post-Monsoon,41.0,115,58.0,52,115,PM2.5,Unhealthy for Sensitive Groups,1,0
2022-11-27,48.69583333333333,69.62916666666666,28.075,8.445833333333333,1029.8333333333333,13.4375,6.9,20.4,0.0,4.0875,73.875,869.6750000000001,8.258333333333333,181.85180299941595,2022,11,November,6,Sunday,1,Post-Monsoon,48.6,133,69.0,58,133,PM2.5,Unhealthy for Sensitive Groups,1,0
2022-11-28,63.75416666666666,91.27083333333333,25.554166666666664,11.2125,1038.0416666666667,12.9375,6.6,19.6,0.0,4.279166666666667,78.45833333333333,871.4541666666668,8.779166666666667,153.2754467628027,2022,11,November,0,Monday,0,Post-Monsoon,63.7,157,91.0,69,157,PM2.5,Unhealthy,1,1
2022-11-29,70.87916666666666,101.41250000000001,32.829166666666666,11.070833333333333,1227.5833333333333,13.816666666666668,6.8,20.3,0.0,4.154166666666667,76.375,873.0666666666666,9.362499999999999,163.59484280820553,2022,11,November,1,Tuesday,0,Post-Monsoon,70.8,162,101.0,74,162,PM2.5,Unhealthy,1,1
2022-11-30,63.020833333333336,90.02083333333333,29.995833333333334,9.508333333333333,1193.875,13.879166666666665,6.1,20.6,0.0,4.2625,73.04166666666667,873.4833333333332,8.708333333333334,191.46260961006064,2022,11,November,2,Wednesday,0,Post-Monsoon,63.0,156,90.0,68,156,PM2.5,Unhealthy,1,1
2022-12-01,55.145833333333336,78.75,29.708333333333332,7.104166666666667,1123.7916666666667,14.095833333333333,8.3,20.6,0.0,3.8000000000000003,67.375,872.4250000000001,7.6875,210.9524057341315,2022,12,December,3,Thursday,0,Winter,55.1,149,78.0,62,149,PM2.5,Unhealthy for Sensitive Groups,1,0
2022-12-02,54.237500000000004,77.55,32.31666666666667,7.695833333333333,1240.6666666666667,14.012500000000001,8.6,20.4,0.0,3.8833333333333333,70.70833333333333,872.2166666666667,8.270833333333334,193.4976945086103,2022,12,December,4,Friday,0,Winter,54.2,147,77.0,62,147,PM2.5,Unhealthy for Sensitive Groups,1,0
2022-12-03,51.37916666666666,73.41250000000001,32.375,8.716666666666667,1194.5416666666667,13.683333333333332,8.9,19.8,0.0,3.8125,70.75,872.3625000000001,8.025,197.80656262933022,2022,12,December,5,Saturday,1,Winter,51.3,140,73.0,60,140,PM2.5,Unhealthy for Sensitive Groups,1,0
2022-12-04,46.75,66.82083333333334,31.570833333333336,8.158333333333333,1175.7083333333333,13.4375,7.8,20.2,0.0,4.258333333333334,66.375,872.6875,6.5375000000000005,167.81591149828884,2022,12,December,6,Sunday,1,Winter,46.7,129,66.0,56,129,PM2.5,Unhealthy for Sensitive Groups,1,0
2022-12-05,47.854166666666664,68.375,26.837500000000002,6.604166666666667,1114.8333333333333,12.762500000000001,7.0,19.6,0.0,4.483333333333333,70.29166666666667,873.0208333333334,7.0249999999999995,169.37992087121506,2022,12,December,0,Monday,0,Winter,47.8,131,68.0,57,131,PM2.5,Unhealthy for Sensitive Groups,1,0
2022-12-06,52.6,75.175,29.95,8.354166666666666,1197.6666666666667,12.883333333333333,7.6,19.6,0.0,4.129166666666666,68.20833333333333,871.4250000000001,6.604166666666667,194.12987476961482,2022,12,December,1,Tuesday,0,Winter,52.6,143,75.0,61,143,PM2.5,Unhealthy for Sensitive Groups,1,0
2022-12-07,62.87916666666666,89.89166666666667,27.72083333333333,9.154166666666667,1217.5833333333333,12.679166666666667,7.3,19.7,0.0,4.670833333333333,70.0,871.1750000000001,6.633333333333333,206.4234900644377,2022,12,December,2,Wednesday,0,Winter,62.8,156,89.0,68,156,PM2.5,Unhealthy,1,1
2022-12-08,56.84583333333333,81.28333333333333,32.82083333333333,9.220833333333333,1397.75,12.654166666666667,7.1,19.3,0.0,3.9625,68.79166666666667,872.1750000000001,6.495833333333334,189.8112456539648,2022,12,December,3,Thursday,0,Winter,56.8,152,81.0,64,152,PM2.5,Unhealthy,1,1
2022-12-09,52.541666666666664,75.12916666666666,33.96666666666667,8.795833333333333,1283.4166666666667,12.6625,6.8,19.5,0.0,4.691666666666666,68.95833333333333,871.5916666666667,6.520833333333333,188.3036598771238,2022,12,December,4,Friday,0,Winter,52.5,143,75.0,61,143,PM2.5,Unhealthy for Sensitive Groups,1,0
2022-12-10,53.862500000000004,76.97500000000001,36.858333333333334,9.5375,1434.2083333333333,12.879166666666668,7.4,19.6,0.0,3.9333333333333336,67.125,871.7708333333334,6.458333333333333,181.10082997652202,2022,12,December,5,Saturday,1,Winter,53.8,146,76.0,61,146,PM2.5,Unhealthy for Sensitive Groups,1,0
2022-12-11,53.35,76.28750000000001,40.2125,9.845833333333333,1558.2083333333333,13.683333333333332,7.7,21.0,0.0,4.004166666666666,61.125,871.2541666666666,5.604166666666667,192.53277055587657,2022,12,December,6,Sunday,1,Winter,53.3,145,76.0,61,145,PM2.5,Unhealthy for Sensitive Groups,1,0
2022-12-12,62.05416666666667,88.675,36.520833333333336,11.033333333333333,1562.125,12.545833333333334,5.6,20.8,0.0,3.7291666666666665,70.25,870.4583333333334,6.1125,192.9981712475397,2022,12,December,0,Monday,0,Winter,62.0,156,88.0,67,156,PM2.5,Unhealthy,1,1
2022-12-13,45.0875,64.47916666666667,11.270833333333334,7.3374999999999995,818.0833333333334,12.9,6.0,20.6,0.0,4.05,70.375,870.7666666666668,6.879166666666666,196.3119653063108,2022,12,December,1,Tuesday,0,Winter,45.0,124,64.0,55,124,PM2.5,Unhealthy for Sensitive Groups,1,0
2022-12-14,0.5833333333333334,0.8416666666666667,0.0,0.7208333333333333,59.25,11.8125,5.8,18.9,0.0,5.266666666666667,82.41666666666667,871.1666666666666,8.420833333333333,187.22936355923082,2022,12,December,2,Wednesday,0,Winter,0.5,3,0.0,0,3,PM2.5,Good,0,0
2022-12-15,0.6625,0.9208333333333334,0.0,0.4166666666666667,61.125,12.066666666666668,7.0,17.3,0.0,4.545833333333333,81.83333333333333,870.0375,8.716666666666667,170.47905148197546,2022,12,December,3,Thursday,0,Winter,0.6,3,0.0,0,3,PM2.5,Good,0,0
2022-12-16,48.13333333333333,68.82916666666667,19.212500000000002,5.645833333333333,846.0416666666666,12.345833333333333,6.4,19.4,0.0,4.7250000000000005,81.41666666666667,870.3666666666667,8.695833333333333,144.46542157338385,2022,12,December,4,Friday,0,Winter,48.1,132,68.0,57,132,PM2.5,Unhealthy for Sensitive Groups,1,0
2022-12-17,62.65416666666667,89.54583333333333,37.67916666666667,8.370833333333334,1453.2083333333333,13.2125,7.7,17.6,0.2,3.4791666666666665,77.91666666666667,873.0124999999999,9.2125,190.05350090985695,2022,12,December,5,Saturday,1,Winter,62.6,156,89.0,68,156,PM2.5,Unhealthy,1,1
2022-12-18,51.699999999999996,73.89583333333333,46.45416666666667,7.229166666666667,1655.0833333333333,13.299999999999999,8.9,19.2,0.0,4.120833333333334,71.33333333333333,872.5583333333334,7.720833333333334,189.01234391307196,2022,12,December,6,Sunday,1,Winter,51.7,141,73.0,60,141,PM2.5,Unhealthy for Sensitive Groups,1,0
2022-12-19,45.083333333333336,64.5125,41.5875,6.629166666666666,1433.25,12.879166666666668,8.1,19.1,0.0,3.9,70.875,870.7708333333334,7.208333333333333,211.3250027588329,2022,12,December,0,Monday,0,Winter,45.0,124,64.0,55,124,PM2.5,Unhealthy for Sensitive Groups,1,0
2022-12-20,45.19166666666666,64.62083333333334,35.99583333333333,6.579166666666667,1378.75,11.645833333333334,5.4,18.3,0.0,4.2749999999999995,76.04166666666667,870.025,6.925,179.97723080971693,2022,12,December,1,Tuesday,0,Winter,45.1,125,64.0,55,125,PM2.5,Unhealthy for Sensitive Groups,1,0
2022-12-21,52.4625,74.97083333333333,24.229166666666668,7.604166666666667,1197.125,11.820833333333333,6.9,18.2,0.0,4.729166666666667,76.75,870.5625,7.3999999999999995,208.04639932244544,2022,12,December,2,Wednesday,0,Winter,52.4,143,74.0,60,143,PM2.5,Unhealthy for Sensitive Groups,1,0
2022-12-22,45.083333333333336,64.4375,28.008333333333336,6.916666666666667,1260.8333333333333,11.991666666666667,6.3,18.8,0.0,4.108333333333333,66.08333333333333,869.6333333333333,5.254166666666666,188.1255311820293,2022,12,December,3,Thursday,0,Winter,45.0,124,64.0,55,124,PM2.5,Unhealthy for Sensitive Groups,1,0
2022-12-23,46.49583333333334,66.54583333333333,30.837500000000002,7.175,1335.7083333333333,11.4,5.5,18.3,0.0,3.9333333333333336,65.5,870.2791666666667,4.3,169.0962847196951,2022,12,December,4,Friday,0,Winter,46.4,128,66.0,56,128,PM2.5,Unhealthy for Sensitive Groups,1,0
2022-12-24,54.4375,77.93333333333334,31.4375,8.049999999999999,1443.7916666666667,11.366666666666667,5.3,18.1,0.0,3.720833333333333,62.125,870.6166666666667,3.8083333333333336,185.96522143442996,2022,12,December,5,Saturday,1,Winter,54.4,148,77.0,62,148,PM2.5,Unhealthy for Sensitive Groups,1,0
2022-12-25,46.975,67.34583333333333,38.43333333333333,6.345833333333334,1526.7916666666667,11.683333333333332,6.7,18.2,0.0,3.858333333333333,56.458333333333336,871.6,2.5833333333333335,200.73159282706115,2022,12,December,6,Sunday,1,Winter,46.9,129,67.0,57,129,PM2.5,Unhealthy for Sensitive Groups,1,0
2022-12-26,49.82916666666667,71.54166666666667,33.5,7.6625000000000005,1344.8333333333333,10.941666666666668,5.0,17.6,0.0,4.8374999999999995,59.041666666666664,872.3416666666667,2.7291666666666665,197.14034046456203,2022,12,December,0,Monday,0,Winter,49.8,136,71.0,59,136,PM2.5,Unhealthy for Sensitive Groups,1,0
2022-12-27,45.97083333333333,65.92916666666666,36.88333333333333,7.1125,1486.25,10.266666666666667,4.6,17.5,0.0,4.858333333333333,53.708333333333336,869.6916666666666,0.2916666666666667,204.23921377563698,2022,12,December,1,Tuesday,0,Winter,45.9,127,65.0,56,127,PM2.5,Unhealthy for Sensitive Groups,1,0
2022-12-28,67.19583333333334,96.20416666666667,31.166666666666668,12.341666666666667,1322.5,9.6,4.2,16.4,0.0,4.825,75.125,871.1,4.7250000000000005,179.35088888922675,2022,12,December,2,Wednesday,0,Winter,67.1,159,96.0,71,159,PM2.5,Unhealthy,1,1
2022-12-29,78.72083333333333,112.66250000000001,24.295833333333334,9.483333333333333,1172.75,9.125,3.9,14.8,0.0,4.883333333333334,81.91666666666667,873.4125,5.829166666666667,152.99730344610722,2022,12,December,3,Thursday,0,Winter,78.7,167,112.0,79,167,PM2.5,Unhealthy,1,1
2022-12-30,85.07916666666667,121.95833333333333,38.454166666666666,8.1625,1588.0833333333333,9.491666666666667,5.2,15.3,0.0,4.408333333333333,79.20833333333333,874.0666666666666,5.770833333333333,211.54938045811463,2022,12,December,4,Friday,0,Winter,85.0,172,121.0,84,172,PM2.5,Unhealthy,1,1
2022-12-31,80.73333333333333,116.25833333333333,31.84166666666667,9.904166666666667,1290.1666666666667,10.200000000000001,5.2,14.6,0.2,4.133333333333334,74.41666666666667,873.5458333333332,5.483333333333333,217.39184317479945,2022,12,December,5,Saturday,1,Winter,80.7,169,116.0,81,169,PM2.5,Unhealthy,1,1
2023-01-01,77.34583333333333,112.0,28.53333333333333,11.445833333333333,1359.625,10.1,6.6,14.8,0.0,4.583333333333333,79.66666666666667,875.0416666666666,6.45,130.64873678981877,2023,1,January,6,Sunday,1,Winter,77.3,166,112.0,79,166,PM2.5,Unhealthy,1,1
2023-01-02,77.33333333333333,112.54166666666667,31.912499999999998,9.520833333333334,1437.9583333333333,8.775,2.1,15.6,0.0,4.870833333333334,77.16666666666667,874.8083333333334,4.304166666666666,211.7188600208064,2023,1,January,0,Monday,0,Winter,77.3,166,112.0,79,166,PM2.5,Unhealthy,1,1
2023-01-03,73.01666666666667,105.78333333333335,31.433333333333334,9.616666666666667,1375.7083333333333,8.616666666666667,1.3,15.8,0.0,4.383333333333334,72.0,874.4041666666667,3.1125000000000003,195.14455231013937,2023,1,January,1,Tuesday,0,Winter,73.0,163,105.0,76,163,PM2.5,Unhealthy,1,1
2023-01-04,63.07083333333333,90.75,33.25416666666667,8.991666666666667,1466.0,9.229166666666666,2.2,16.6,0.7,4.125,64.45833333333333,874.5083333333333,2.279166666666667,192.89558874824317,2023,1,January,2,Wednesday,0,Winter,63.0,156,90.0,68,156,PM2.5,Unhealthy,1,1
2023-01-05,48.81666666666666,69.97916666666667,39.425000000000004,7.833333333333333,1690.7916666666667,9.929166666666667,3.6,16.6,0.0,4.1000000000000005,53.083333333333336,876.2041666666668,0.05833333333333333,183.01632098008582,2023,1,January,3,Thursday,0,Winter,48.8,134,69.0,58,134,PM2.5,Unhealthy for Sensitive Groups,1,0
2023-01-06,39.93333333333333,57.15833333333333,35.333333333333336,6.779166666666666,1510.8333333333333,11.304166666666667,4.3,19.0,0.0,4.604166666666667,49.166666666666664,876.4666666666667,0.33749999999999997,158.3053332940021,2023,1,January,4,Friday,0,Winter,39.9,112,57.0,52,112,PM2.5,Unhealthy for Sensitive Groups,1,0
2023-01-07,34.31666666666667,49.104166666666664,33.358333333333334,5.9750000000000005,1375.5833333333333,12.166666666666666,6.0,19.9,0.0,4.654166666666667,36.833333333333336,875.0291666666667,-3.1333333333333333,166.48400999290524,2023,1,January,5,Saturday,1,Winter,34.3,98,49.0,45,98,PM2.5,Moderate,0,0
2023-01-08,38.59166666666667,55.19583333333333,44.84166666666667,6.733333333333333,1636.5416666666667,12.354166666666666,5.7,20.1,0.0,4.416666666666667,36.166666666666664,874.4708333333333,-3.1166666666666667,173.5916758520798,2023,1,January,6,Sunday,1,Winter,38.5,108,55.0,51,108,PM2.5,Unhealthy for Sensitive Groups,1,0
2023-01-09,39.90833333333333,57.06666666666666,46.262499999999996,7.5874999999999995,1763.875,12.2875,5.6,20.0,0.0,4.466666666666667,42.958333333333336,874.9083333333333,-0.9041666666666667,180.64529076167122,2023,1,January,0,Monday,0,Winter,39.9,112,57.0,52,112,PM2.5,Unhealthy for Sensitive Groups,1,0
2023-01-10,44.725,63.949999999999996,41.25416666666667,7.175,1744.75,12.116666666666667,6.3,19.1,0.0,4.179166666666666,47.333333333333336,872.4125,0.3958333333333333,192.44284758235213,2023,1,January,1,Tuesday,0,Winter,44.7,124,63.0,55,124,PM2.5,Unhealthy for Sensitive Groups,1,0
2023-01-11,45.35,64.85416666666667,39.0375,8.775,1655.9583333333333,11.258333333333333,5.3,18.7,0.0,4.425,55.583333333333336,870.725,2.120833333333333,183.54241987735543,2023,1,January,2,Wednesday,0,Winter,45.3,125,64.0,55,125,PM2.5,Unhealthy for Sensitive Groups,1,0
2023-01-12,50.32083333333333,72.07083333333334,34.69583333333333,8.508333333333333,1530.2083333333333,10.916666666666666,5.1,18.1,0.0,3.5708333333333333,58.166666666666664,869.1999999999999,2.3291666666666666,206.53770002325,2023,1,January,3,Thursday,0,Winter,50.3,137,72.0,59,137,PM2.5,Unhealthy for Sensitive Groups,1,0
2023-01-13,47.708333333333336,68.25416666666666,30.616666666666664,7.5249999999999995,1548.0833333333333,11.929166666666667,6.6,17.1,0.0,4.466666666666667,51.625,870.6958333333333,1.8375000000000001,232.109529291098,2023,1,January,4,Friday,0,Winter,47.7,131,68.0,57,131,PM2.5,Unhealthy for Sensitive Groups,1,0
2023-01-14,37.4125,53.97083333333333,23.55,5.970833333333334,1203.1666666666667,10.504166666666666,5.9,16.9,0.0,5.533333333333334,62.25,869.1333333333333,2.9875000000000003,219.2935955084233,2023,1,January,5,Saturday,1,Winter,37.4,106,53.0,49,106,PM2.5,Unhealthy for Sensitive Groups,1,0
2023-01-15,51.8125,74.39999999999999,27.195833333333336,6.241666666666667,1423.4166666666667,10.0,4.1,17.0,0.0,4.575,76.20833333333333,868.2375000000001,5.408333333333334,191.37604243417675,2023,1,January,6,Sunday,1,Winter,51.8,141,74.0,60,141,PM2.5,Unhealthy for Sensitive Groups,1,0
2023-01-16,63.199999999999996,90.425,24.84583333333333,6.016666666666667,1193.2083333333333,8.529166666666667,3.6,14.4,0.0,4.7125,80.83333333333333,869.1999999999999,4.970833333333333,174.64845657380025,2023,1,January,0,Monday,0,Winter,63.2,156,90.0,68,156,PM2.5,Unhealthy,1,1
2023-01-17,72.33333333333333,103.425,25.604166666666668,5.345833333333334,1380.7916666666667,8.0625,2.0,14.7,0.0,5.516666666666667,79.70833333333333,869.9541666666668,4.270833333333333,225.4248182487162,2023,1,January,1,Tuesday,0,Winter,72.3,163,103.0,75,163,PM2.5,Unhealthy,1,1
2023-01-18,77.85416666666667,111.45,29.95,5.695833333333333,1458.625,8.862499999999999,3.9,14.8,0.0,4.429166666666666,69.04166666666667,871.975,2.783333333333333,225.85098160923403,2023,1,January,2,Wednesday,0,Winter,77.8,167,111.0,79,167,PM2.5,Unhealthy,1,1
2023-01-19,81.07916666666667,116.10000000000001,29.125,7.429166666666667,1427.875,8.883333333333333,3.0,14.4,0.0,4.829166666666667,73.08333333333333,872.3874999999999,3.8958333333333335,233.23487488001106,2023,1,January,3,Thursday,0,Winter,81.0,169,116.0,81,169,PM2.5,Unhealthy,1,1
2023-01-20,72.60416666666667,103.86666666666667,40.362500000000004,11.200000000000001,1937.0416666666667,11.133333333333333,4.6,18.2,0.0,4.1125,64.54166666666667,872.6999999999999,4.1875,182.99867502909495,2023,1,January,4,Friday,0,Winter,72.6,163,103.0,75,163,PM2.5,Unhealthy,1,1
2023-01-21,44.824999999999996,64.33749999999999,28.554166666666664,7.241666666666667,1455.9166666666667,12.283333333333333,6.5,18.2,0.0,5.208333333333333,50.208333333333336,872.0333333333333,1.6375,246.0638312973997,2023,1,January,5,Saturday,1,Winter,44.8,124,64.0,55,124,PM2.5,Unhealthy for Sensitive Groups,1,0
2023-01-22,39.125,56.02916666666667,28.087500000000002,5.625,1269.625,12.808333333333332,6.0,18.7,0.0,4.766666666666667,44.708333333333336,872.5375,-0.04166666666666669,226.2386757201317,2023,1,January,6,Sunday,1,Winter,39.1,110,56.0,51,110,PM2.5,Unhealthy for Sensitive Groups,1,0
2023-01-23,35.90833333333333,51.416666666666664,24.958333333333332,5.054166666666666,1082.875,13.266666666666666,8.0,20.2,0.0,4.670833333333333,47.083333333333336,871.9583333333334,1.0958333333333334,214.7408171478841,2023,1,January,0,Monday,0,Winter,35.9,102,51.0,47,102,PM2.5,Unhealthy for Sensitive Groups,1,0
2023-01-24,42.637499999999996,61.012499999999996,27.141666666666666,7.795833333333333,1135.8333333333333,14.145833333333334,6.9,19.4,0.0,5.416666666666667,50.5,873.5083333333333,3.4125,228.47927423693824,2023,1,January,1,Tuesday,0,Winter,42.6,118,61.0,54,118,PM2.5,Unhealthy for Sensitive Groups,1,0
2023-01-25,49.57083333333333,71.04583333333333,23.59166666666667,8.729166666666666,1022.9166666666666,14.016666666666666,8.7,19.8,0.0,4.891666666666667,58.625,873.0208333333334,5.5625,224.1549686851817,2023,1,January,2,Wednesday,0,Winter,49.5,135,71.0,59,135,PM2.5,Unhealthy for Sensitive Groups,1,0
2023-01-26,43.09583333333333,61.99166666666667,20.087500000000002,5.425,859.6666666666666,14.258333333333333,9.5,19.8,0.0,4.691666666666666,54.875,872.5291666666667,5.0625,207.5296774763978,2023,1,January,3,Thursday,0,Winter,43.0,119,61.0,54,119,PM2.5,Unhealthy for Sensitive Groups,1,0
2023-01-27,32.49583333333333,46.74166666666667,25.004166666666666,4.3999999999999995,1054.2083333333333,14.641666666666666,8.8,22.2,0.0,5.320833333333334,36.25,871.9083333333333,-0.8958333333333334,222.4738626848679,2023,1,January,4,Friday,0,Winter,32.4,94,46.0,43,94,PM2.5,Moderate,0,0
2023-01-28,45.725,65.57916666666667,32.579166666666666,6.758333333333333,1315.3333333333333,13.654166666666667,7.7,21.6,0.0,4.391666666666667,46.291666666666664,871.1958333333333,1.1041666666666667,184.08237082405213,2023,1,January,5,Saturday,1,Winter,45.7,126,65.0,56,126,PM2.5,Unhealthy for Sensitive Groups,1,0
2023-01-29,54.92083333333333,78.63333333333334,27.079166666666666,10.620833333333334,1226.7083333333333,13.3375,6.8,21.2,0.0,4.2375,61.458333333333336,873.1708333333332,5.0874999999999995,169.96064848109216,2023,1,January,6,Sunday,1,Winter,54.9,149,78.0,62,149,PM2.5,Unhealthy for Sensitive Groups,1,0
2023-01-30,55.65,79.71666666666667,28.25,9.445833333333333,1313.7083333333333,14.641666666666666,7.7,21.4,0.0,4.283333333333333,53.5,874.5583333333334,4.658333333333333,187.9869692555883,2023,1,January,0,Monday,0,Winter,55.6,151,79.0,63,151,PM2.5,Unhealthy,1,1
2023-01-31,43.09166666666667,61.7875,26.541666666666668,6.833333333333333,1230.7916666666667,14.995833333333332,9.7,21.7,0.0,5.254166666666666,44.708333333333336,871.9875000000001,1.9583333333333333,205.11132674280117,2023,1,January,1,Tuesday,0,Winter,43.0,119,61.0,54,119,PM2.5,Unhealthy for Sensitive Groups,1,0
2023-02-01,42.30833333333333,60.99583333333334,26.412499999999998,6.891666666666667,1114.25,13.704166666666666,8.4,20.6,0.0,5.3374999999999995,56.666666666666664,871.0041666666666,4.4375,230.32121436149205,2023,2,February,2,Wednesday,0,Winter,42.3,118,60.0,53,118,PM2.5,Unhealthy for Sensitive Groups,1,0
2023-02-02,49.949999999999996,71.60833333333333,33.1625,8.379166666666666,1346.7083333333333,13.0875,6.9,21.5,0.0,4.7625,66.0,871.625,5.566666666666666,219.03011080590636,2023,2,February,3,Thursday,0,Winter,49.9,136,71.0,59,136,PM2.5,Unhealthy for Sensitive Groups,1,0
2023-02-03,46.49583333333334,66.55,28.204166666666666,7.958333333333333,1214.125,13.25,5.8,20.2,0.0,4.933333333333334,72.0,871.1916666666666,7.633333333333333,227.3140624437213,2023,2,February,4,Friday,0,Winter,46.4,128,66.0,56,128,PM2.5,Unhealthy for Sensitive Groups,1,0
2023-02-04,51.03333333333333,73.06666666666666,24.616666666666664,8.45,1137.0,13.770833333333334,7.9,20.5,0.0,4.166666666666667,70.375,869.4916666666667,7.720833333333334,206.42399995403784,2023,2,February,5,Saturday,1,Winter,51.0,139,73.0,60,139,PM2.5,Unhealthy for Sensitive Groups,1,0
2023-02-05,52.90833333333333,75.74583333333334,17.5125,8.458333333333334,1034.0833333333333,13.204166666666667,6.1,20.5,0.2,4.0,72.33333333333333,869.6291666666666,7.379166666666666,193.97635673418029,2023,2,February,6,Sunday,1,Winter,52.9,144,75.0,61,144,PM2.5,Unhealthy for Sensitive Groups,1,0
2023-02-06,63.074999999999996,90.39583333333333,10.754166666666668,9.9625,931.2083333333334,12.779166666666667,6.0,19.5,1.0,4.9375,76.875,868.8166666666666,8.216666666666667,264.27945663852904,2023,2,February,0,Monday,0,Winter,63.0,156,90.0,68,156,PM2.5,Unhealthy,1,1
2023-02-07,49.28333333333333,70.72916666666667,9.666666666666666,9.995833333333334,680.125,12.549999999999999,6.1,18.0,0.1,5.979166666666667,67.75,868.2916666666666,5.9375,222.02049862656057,2023,2,February,1,Tuesday,0,Winter,49.2,135,70.0,58,135,PM2.5,Unhealthy for Sensitive Groups,1,0
2023-02-08,45.824999999999996,66.34583333333333,14.15,10.054166666666667,729.4583333333334,12.520833333333334,6.9,19.0,0.0,5.7124999999999995,70.70833333333333,869.4208333333332,6.304166666666667,218.54737908734145,2023,2,February,2,Wednesday,0,Winter,45.8,126,66.0,56,126,PM2.5,Unhealthy for Sensitive Groups,1,0
2023-02-09,48.40416666666667,69.925,16.429166666666667,9.629166666666666,755.9166666666666,12.254166666666668,6.0,18.0,0.0,5.2625,74.91666666666667,870.4499999999999,7.354166666666667,240.07282416692195,2023,2,February,3,Thursday,0,Winter,48.4,133,69.0,58,133,PM2.5,Unhealthy for Sensitive Groups,1,0
2023-02-10,44.30416666666667,63.70416666666667,18.583333333333332,9.595833333333333,895.0416666666666,13.450000000000001,6.9,19.5,0.0,5.933333333333334,70.66666666666667,871.0416666666666,7.6499999999999995,232.61492479631514,2023,2,February,4,Friday,0,Winter,44.3,123,63.0,55,123,PM2.5,Unhealthy for Sensitive Groups,1,0
2023-02-11,36.324999999999996,53.666666666666664,17.333333333333332,7.4375,786.7083333333334,14.416666666666666,9.2,21.0,0.0,5.2749999999999995,61.708333333333336,870.8249999999999,6.191666666666666,238.92732529350607,2023,2,February,5,Saturday,1,Winter,36.3,103,53.0,49,103,PM2.5,Unhealthy for Sensitive Groups,1,0
2023-02-12,31.545833333333334,46.300000000000004,12.454166666666666,5.545833333333333,591.375,12.166666666666666,6.2,19.8,0.0,5.754166666666666,60.25,868.7041666666668,3.3791666666666664,228.69939122874302,2023,2,February,6,Sunday,1,Winter,31.5,93,46.0,43,93,PM2.5,Moderate,0,0
2023-02-13,38.675000000000004,55.89166666666667,11.266666666666666,8.141666666666667,558.8333333333334,12.458333333333334,5.9,20.7,0.0,4.741666666666666,62.416666666666664,869.5041666666666,4.504166666666666,228.26225767403724,2023,2,February,0,Monday,0,Winter,38.6,109,55.0,51,109,PM2.5,Unhealthy for Sensitive Groups,1,0
2023-02-14,39.454166666666666,56.5875,9.320833333333333,10.433333333333334,519.5833333333334,12.383333333333333,5.6,19.0,0.0,4.995833333333334,67.20833333333333,870.8041666666667,5.820833333333333,175.3840809810346,2023,2,February,1,Tuesday,0,Winter,39.4,111,56.0,51,111,PM2.5,Unhealthy for Sensitive Groups,1,0
2023-02-15,43.2125,61.75416666666667,8.416666666666666,10.025,573.0416666666666,14.020833333333334,7.5,21.5,0.0,4.845833333333333,65.83333333333333,871.4708333333333,7.170833333333333,190.64131023401268,2023,2,February,2,Wednesday,0,Winter,43.2,120,61.0,54,120,PM2.5,Unhealthy for Sensitive Groups,1,0
2023-02-16,41.270833333333336,59.01666666666667,5.979166666666667,8.762500000000001,528.0,15.941666666666668,9.0,23.3,0.0,4.7625,57.166666666666664,874.275,6.5125,179.29686410772192,2023,2,February,3,Thursday,0,Winter,41.2,115,59.0,53,115,PM2.5,Unhealthy for Sensitive Groups,1,0
2023-02-17,43.17916666666667,61.69166666666666,5.55,7.883333333333333,513.5416666666666,15.879166666666668,9.0,22.6,0.0,5.3125,61.166666666666664,874.9625,7.395833333333333,186.8807176249655,2023,2,February,4,Friday,0,Winter,43.1,120,61.0,54,120,PM2.5,Unhealthy for Sensitive Groups,1,0
2023-02-18,39.920833333333334,57.0875,9.754166666666666,6.9375,547.5,16.1375,9.9,22.7,0.0,5.983333333333333,56.583333333333336,874.6041666666666,6.808333333333334,191.00810664665303,2023,2,February,5,Saturday,1,Winter,39.9,112,57.0,52,112,PM2.5,Unhealthy for Sensitive Groups,1,0
2023-02-19,43.87083333333334,62.675000000000004,13.379166666666668,7.845833333333334,725.9583333333334,16.316666666666666,10.3,23.5,0.0,4.754166666666666,61.291666666666664,873.3333333333334,7.845833333333334,211.5944487107961,2023,2,February,6,Sunday,1,Winter,43.8,121,62.0,54,121,PM2.5,Unhealthy for Sensitive Groups,1,0
2023-02-20,43.75,62.520833333333336,12.420833333333334,8.995833333333334,766.0833333333334,15.716666666666667,8.9,22.3,0.0,4.466666666666667,69.75,872.3125,9.266666666666667,210.17360654750206,2023,2,February,0,Monday,0,Winter,43.7,121,62.0,54,121,PM2.5,Unhealthy for Sensitive Groups,1,0
2023-02-21,45.112500000000004,64.64166666666667,14.549999999999999,11.241666666666667,814.5833333333334,16.070833333333333,8.3,22.5,0.0,5.583333333333333,68.0,872.3666666666667,9.433333333333334,237.2580096943781,2023,2,February,1,Tuesday,0,Winter,45.1,125,64.0,55,125,PM2.5,Unhealthy for Sensitive Groups,1,0
2023-02-22,38.93333333333333,56.19583333333333,17.691666666666666,7.7749999999999995,802.75,15.545833333333334,10.6,20.8,4.800000000000001,5.016666666666667,66.41666666666667,870.5124999999999,8.670833333333333,230.6911228297828,2023,2,February,2,Wednesday,0,Winter,38.9,109,56.0,51,109,PM2.5,Unhealthy for Sensitive Groups,1,0
2023-02-23,34.0875,49.145833333333336,19.125,6.358333333333333,696.7083333333334,16.32916666666667,9.8,23.8,0.1,4.7375,61.75,871.0625,7.395833333333333,210.74885435855643,2023,2,February,3,Thursday,0,Winter,34.0,97,49.0,45,97,PM2.5,Moderate,0,0
2023-02-24,37.204166666666666,53.34166666666667,19.758333333333333,7.2,739.125,14.929166666666667,7.4,22.5,0.0,5.3625,71.29166666666667,873.3125,8.354166666666666,210.2088822748378,2023,2,February,4,Friday,0,Winter,37.2,105,53.0,49,105,PM2.5,Unhealthy for Sensitive Groups,1,0
2023-02-25,45.025,64.55,18.045833333333334,10.170833333333333,713.2083333333334,13.5375,9.1,19.7,2.4,3.658333333333333,79.45833333333333,875.9250000000001,9.512500000000001,199.85126230412035,2023,2,February,5,Saturday,1,Winter,45.0,124,64.0,55,124,PM2.5,Unhealthy for Sensitive Groups,1,0
2023-02-26,54.862500000000004,78.66250000000001,15.0625,10.4375,665.5416666666666,11.775,8.2,18.2,5.1000000000000005,3.275,87.20833333333333,876.5416666666666,9.5,168.40783321277033,2023,2,February,6,Sunday,1,Winter,54.8,149,78.0,62,149,PM2.5,Unhealthy for Sensitive Groups,1,0
2023-02-27,45.68333333333334,65.38333333333334,17.25,5.5375000000000005,667.625,12.887500000000001,8.3,18.1,1.1,3.4416666666666664,77.125,875.7958333333332,8.679166666666667,204.57156052287274,2023,2,February,0,Monday,0,Winter,45.6,126,65.0,56,126,PM2.5,Unhealthy for Sensitive Groups,1,0
2023-02-28,44.17916666666667,63.51666666666667,16.4875,6.004166666666666,630.0833333333334,14.612499999999999,8.3,20.2,0.8,4.170833333333333,72.66666666666667,876.0291666666667,9.179166666666667,200.72941771936922,2023,2,February,1,Tuesday,0,Winter,44.1,122,63.0,55,122,PM2.5,Unhealthy for Sensitive Groups,1,0
2023-03-01,44.9,64.5,18.408333333333335,6.375,663.7916666666666,15.254166666666668,9.6,21.2,0.7000000000000001,4.7749999999999995,66.91666666666667,876.6958333333333,8.595833333333333,222.4179156055027,2023,3,March,2,Wednesday,0,Pre-Monsoon,44.9,124,64.0,55,124,PM2.5,Unhealthy for Sensitive Groups,1,0
2023-03-02,43.94583333333333,63.36666666666667,21.78333333333333,6.758333333333333,729.7083333333334,15.058333333333332,10.1,21.6,0.5,4.2875000000000005,70.875,876.2666666666668,9.2875,183.40872140541205,2023,3,March,3,Thursday,0,Pre-Monsoon,43.9,122,63.0,55,122,PM2.5,Unhealthy for Sensitive Groups,1,0
2023-03-03,44.112500000000004,63.425000000000004,16.858333333333334,7.0125,648.3333333333334,15.683333333333332,9.7,22.2,0.30000000000000004,5.066666666666666,74.04166666666667,876.2833333333333,10.283333333333333,205.47789879119276,2023,3,March,4,Friday,0,Pre-Monsoon,44.1,122,63.0,55,122,PM2.5,Unhealthy for Sensitive Groups,1,0
2023-03-04,52.074999999999996,74.84583333333333,21.420833333333334,8.545833333333333,799.7916666666666,15.295833333333334,10.4,21.7,1.5,4.158333333333333,79.54166666666667,876.7083333333334,11.266666666666666,201.77221166702117,2023,3,March,5,Saturday,1,Pre-Monsoon,52.0,142,74.0,60,142,PM2.5,Unhealthy for Sensitive Groups,1,0
2023-03-05,43.775,62.90416666666667,14.470833333333333,5.920833333333333,596.4166666666666,16.795833333333334,11.2,22.4,0.6,4.658333333333333,68.375,875.7125,10.408333333333333,215.5066211860983,2023,3,March,6,Sunday,1,Pre-Monsoon,43.7,121,62.0,54,121,PM2.5,Unhealthy for Sensitive Groups,1,0
2023-03-06,27.979166666666668,40.291666666666664,10.758333333333333,4.316666666666666,450.875,16.908333333333335,11.1,23.9,0.0,5.0249999999999995,60.458333333333336,873.85,8.200000000000001,209.5078195004971,2023,3,March,0,Monday,0,Pre-Monsoon,27.9,86,40.0,37,86,PM2.5,Moderate,0,0
2023-03-07,27.27916666666667,39.145833333333336,10.891666666666666,4.995833333333334,432.625,16.724999999999998,11.1,23.3,0.0,4.408333333333333,59.375,875.0916666666667,8.0375,214.03997928145282,2023,3,March,1,Tuesday,0,Pre-Monsoon,27.2,85,39.0,36,85,PM2.5,Moderate,0,0
2023-03-08,39.18333333333333,56.15833333333333,11.570833333333333,5.758333333333333,495.5833333333333,13.283333333333333,9.2,17.7,6.999999999999999,4.1000000000000005,74.79166666666667,876.0916666666667,8.641666666666667,173.20179557968478,2023,3,March,2,Wednesday,0,Pre-Monsoon,39.1,110,56.0,51,110,PM2.5,Unhealthy for Sensitive Groups,1,0
2023-03-09,34.925000000000004,50.0375,12.75,5.045833333333333,538.375,14.958333333333334,10.1,22.0,1.7,4.1499999999999995,68.25,875.1416666666668,8.670833333333333,175.11183353322232,2023,3,March,3,Thursday,0,Pre-Monsoon,34.9,99,50.0,46,99,PM2.5,Moderate,0,0
2023-03-10,31.795833333333334,45.604166666666664,21.554166666666664,4.058333333333334,620.4583333333334,16.095833333333335,9.4,22.7,0.4,2.829166666666667,57.958333333333336,874.775,6.945833333333333,179.22003194954473,2023,3,March,4,Friday,0,Pre-Monsoon,31.7,93,45.0,42,93,PM2.5,Moderate,0,0
2023-03-11,37.24583333333333,53.40833333333333,20.216666666666665,6.2875000000000005,648.6666666666666,15.554166666666667,11.5,22.9,3.9,3.775,62.25,875.2333333333332,7.720833333333334,150.59221129648176,2023,3,March,5,Saturday,1,Pre-Monsoon,37.2,105,53.0,49,105,PM2.5,Unhealthy for Sensitive Groups,1,0
2023-03-12,44.199999999999996,63.30416666666667,5.295833333333333,5.458333333333333,406.5,17.475,11.3,23.1,0.3,4.7250000000000005,58.416666666666664,875.3208333333333,8.700000000000001,194.91793181648626,2023,3,March,6,Sunday,1,Pre-Monsoon,44.1,122,63.0,55,122,PM2.5,Unhealthy for Sensitive Groups,1,0
2023-03-13,51.9125,74.35416666666667,5.683333333333334,6.695833333333333,458.75,15.508333333333333,10.9,22.3,7.1,4.445833333333334,76.0,873.4333333333334,10.920833333333334,167.57710551480966,2023,3,March,0,Monday,0,Pre-Monsoon,51.9,141,74.0,60,141,PM2.5,Unhealthy for Sensitive Groups,1,0
2023-03-14,47.54583333333333,68.21666666666667,4.9624999999999995,4.775,428.5416666666667,14.508333333333333,9.4,21.3,6.4,4.204166666666667,78.70833333333333,870.7875,10.529166666666667,172.87553820450006,2023,3,March,1,Tuesday,0,Pre-Monsoon,47.5,131,68.0,57,131,PM2.5,Unhealthy for Sensitive Groups,1,0
2023-03-15,31.3,45.324999999999996,5.0874999999999995,4.2250000000000005,330.0416666666667,15.379166666666668,9.6,21.3,2.9,4.133333333333334,66.91666666666667,870.8333333333334,8.958333333333334,182.45720843148024,2023,3,March,2,Wednesday,0,Pre-Monsoon,31.3,92,45.0,42,92,PM2.5,Moderate,0,0
2023-03-16,31.833333333333332,45.775,12.704166666666666,4.766666666666667,431.9583333333333,16.462500000000002,11.5,22.1,0.4,5.129166666666666,63.916666666666664,873.0625,8.854166666666666,215.72846961130972,2023,3,March,3,Thursday,0,Pre-Monsoon,31.8,93,45.0,42,93,PM2.5,Moderate,0,0
2023-03-17,46.2875,66.53750000000001,14.637500000000001,5.8,550.0,14.954166666666666,9.1,21.2,1.6,4.308333333333334,76.75,872.9,10.454166666666667,200.2523298750422,2023,3,March,4,Friday,0,Pre-Monsoon,46.2,127,66.0,56,127,PM2.5,Unhealthy for Sensitive Groups,1,0
2023-03-18,47.85833333333333,68.68333333333334,15.200000000000001,4.016666666666667,573.7916666666666,14.9625,10.3,20.6,5.0,4.308333333333334,78.41666666666667,871.2541666666666,10.916666666666666,180.12940525713768,2023,3,March,5,Saturday,1,Pre-Monsoon,47.8,131,68.0,57,131,PM2.5,Unhealthy for Sensitive Groups,1,0
2023-03-19,38.63333333333333,55.47083333333333,8.454166666666667,2.6,472.7916666666667,14.049999999999999,9.8,17.8,11.5,3.4499999999999997,80.91666666666667,869.65,10.620833333333334,199.12041958226717,2023,3,March,6,Sunday,1,Pre-Monsoon,38.6,109,55.0,51,109,PM2.5,Unhealthy for Sensitive Groups,1,0
2023-03-20,25.329166666666666,36.25,9.620833333333334,2.066666666666667,523.0833333333334,13.637500000000001,10.2,19.6,23.0,2.4625,86.25,868.3375,11.225,38.196432346514605,2023,3,March,0,Monday,0,Pre-Monsoon,25.3,81,36.0,33,81,PM2.5,Moderate,0,0
2023-03-21,19.808333333333334,28.287499999999998,15.6625,2.6,586.2916666666666,12.758333333333333,8.8,17.9,5.4,3.5500000000000003,81.08333333333333,868.5375,9.341666666666667,183.04175259320152,2023,3,March,1,Tuesday,0,Pre-Monsoon,19.8,71,28.0,26,71,PM2.5,Moderate,0,0
2023-03-22,19.766666666666666,28.337500000000002,15.262500000000001,3.1666666666666665,550.25,13.795833333333334,8.1,19.1,0.5,5.0125,75.70833333333333,867.7125,9.299999999999999,252.03771844208842,2023,3,March,2,Wednesday,0,Pre-Monsoon,19.7,71,28.0,26,71,PM2.5,Moderate,0,0
2023-03-23,21.008333333333333,30.120833333333334,17.483333333333334,3.0625,550.375,14.625,9.8,19.9,1.9000000000000001,4.0249999999999995,76.5,868.3333333333334,10.079166666666667,205.77804909935708,2023,3,March,3,Thursday,0,Pre-Monsoon,21.0,73,30.0,28,73,PM2.5,Moderate,0,0
2023-03-24,25.77916666666667,36.97083333333333,18.183333333333334,3.4583333333333335,564.5416666666666,14.649999999999999,10.0,20.4,1.8,4.4875,78.20833333333333,870.5291666666667,10.429166666666667,221.03271768730764,2023,3,March,4,Friday,0,Pre-Monsoon,25.7,82,36.0,33,82,PM2.5,Moderate,0,0
2023-03-25,22.383333333333336,32.5,14.133333333333333,3.4333333333333336,450.75,16.25,11.3,21.2,0.0,4.6625000000000005,69.08333333333333,871.9041666666667,10.2875,226.7832382958169,2023,3,March,5,Saturday,1,Pre-Monsoon,22.3,76,32.0,30,76,PM2.5,Moderate,0,0
2023-03-26,19.0125,28.133333333333336,11.6625,2.7083333333333335,362.0833333333333,17.45,12.6,23.5,0.0,5.1375,55.208333333333336,869.6333333333333,7.795833333333333,221.20610019751967,2023,3,March,6,Sunday,1,Pre-Monsoon,19.0,69,28.0,26,69,PM2.5,Moderate,0,0
2023-03-27,24.916666666666668,36.475,9.391666666666667,3.8208333333333333,355.2083333333333,16.8,11.5,22.6,0.0,4.041666666666667,54.666666666666664,869.2291666666666,7.1875,223.21636105535535,2023,3,March,0,Monday,0,Pre-Monsoon,24.9,80,36.0,33,80,PM2.5,Moderate,0,0
2023-03-28,24.974999999999998,36.329166666666666,4.7,4.0625,278.1666666666667,16.491666666666667,9.9,23.3,0.4,4.375,57.666666666666664,870.2125,7.125,208.4669957709994,2023,3,March,1,Tuesday,0,Pre-Monsoon,24.9,80,36.0,33,80,PM2.5,Moderate,0,0
2023-03-29,27.191666666666666,39.045833333333334,4.229166666666667,4.079166666666667,277.7083333333333,16.945833333333333,11.6,22.1,1.9,4.108333333333333,56.583333333333336,871.3708333333334,7.7375,190.4828536934404,2023,3,March,2,Wednesday,0,Pre-Monsoon,27.1,85,39.0,36,85,PM2.5,Moderate,0,0
2023-03-30,31.754166666666666,45.487500000000004,4.075,4.925,300.2083333333333,17.616666666666667,12.3,23.7,0.0,4.883333333333334,56.75,869.7916666666666,8.108333333333333,199.39906910922878,2023,3,March,3,Thursday,0,Pre-Monsoon,31.7,93,45.0,42,93,PM2.5,Moderate,0,0
2023-03-31,42.541666666666664,61.00416666666666,8.191666666666666,8.741666666666667,469.4166666666667,15.154166666666667,11.5,22.2,7.7,4.204166666666667,79.33333333333333,870.5666666666666,11.095833333333333,165.2905338939216,2023,3,March,4,Friday,0,Pre-Monsoon,42.5,118,61.0,54,118,PM2.5,Unhealthy for Sensitive Groups,1,0
2023-04-01,29.025000000000002,42.324999999999996,7.4875,3.029166666666667,350.2916666666667,13.333333333333334,9.6,20.0,6.2,3.5625,83.33333333333333,868.625,10.308333333333334,151.7137658475456,2023,4,April,5,Saturday,1,Pre-Monsoon,29.0,88,42.0,39,88,PM2.5,Moderate,0,0
2023-04-02,22.675,32.61666666666667,14.608333333333334,2.9125,431.0416666666667,12.933333333333332,8.8,18.3,3.8,4.633333333333334,85.875,866.4250000000001,10.375,215.709980495852,2023,4,April,6,Sunday,1,Pre-Monsoon,22.6,76,32.0,30,76,PM2.5,Moderate,0,0
2023-04-03,20.099999999999998,28.795833333333334,14.85,3.095833333333333,459.2083333333333,15.316666666666668,9.8,21.0,1.3,4.733333333333333,78.45833333333333,867.5083333333333,11.2125,193.70395242948018,2023,4,April,0,Monday,0,Pre-Monsoon,20.0,71,28.0,26,71,PM2.5,Moderate,0,0
2023-04-04,18.320833333333333,26.974999999999998,15.4625,3.591666666666667,435.125,15.829166666666666,11.1,22.3,0.4,6.4375,74.125,868.9583333333334,10.670833333333334,208.0998507277511,2023,4,April,1,Tuesday,0,Pre-Monsoon,18.3,68,26.0,24,68,PM2.5,Moderate,0,0
2023-04-05,17.079166666666666,25.974999999999998,15.191666666666668,3.204166666666667,413.7916666666667,17.4125,11.6,23.0,0.9,4.745833333333334,60.916666666666664,869.2875,9.345833333333333,231.90125684375218,2023,4,April,2,Wednesday,0,Pre-Monsoon,17.0,66,25.0,23,66,PM2.5,Moderate,0,0
2023-04-06,16.508333333333333,24.004166666666666,14.362499999999999,3.0416666666666665,406.3333333333333,18.4,12.0,24.7,0.0,4.470833333333333,55.333333333333336,871.8083333333334,8.616666666666667,203.5494759174101,2023,4,April,3,Thursday,0,Pre-Monsoon,16.5,65,24.0,22,65,PM2.5,Moderate,0,0
2023-04-07,20.291666666666668,29.170833333333334,12.341666666666667,3.225,385.75,18.658333333333335,12.5,25.7,0.0,4.7749999999999995,55.458333333333336,873.7791666666667,8.666666666666666,211.65806189263964,2023,4,April,4,Friday,0,Pre-Monsoon,20.2,72,29.0,27,72,PM2.5,Moderate,0,0
2023-04-08,27.320833333333336,39.2125,9.674999999999999,3.65,367.125,19.224999999999998,13.2,25.1,0.1,4.245833333333334,54.75,875.6208333333334,9.254166666666666,209.1684678421264,2023,4,April,5,Saturday,1,Pre-Monsoon,27.3,85,39.0,36,85,PM2.5,Moderate,0,0
2023-04-09,23.8875,34.38333333333333,7.645833333333333,3.783333333333333,312.7916666666667,19.770833333333332,13.5,26.1,0.0,5.283333333333333,46.208333333333336,874.6583333333333,7.233333333333333,238.7977897136164,2023,4,April,6,Sunday,1,Pre-Monsoon,23.8,78,34.0,31,78,PM2.5,Moderate,0,0
2023-04-10,21.8625,31.525000000000002,5.904166666666666,3.7583333333333333,293.7916666666667,19.879166666666666,12.9,26.2,0.0,5.008333333333334,45.5,872.725,7.070833333333333,218.7806069634619,2023,4,April,0,Monday,0,Pre-Monsoon,21.8,75,31.0,29,75,PM2.5,Moderate,0,0
2023-04-11,28.883333333333336,41.416666666666664,4.5375000000000005,3.9958333333333336,294.0416666666667,20.125,13.8,27.0,0.0,4.675,48.916666666666664,872.6666666666666,8.120833333333334,203.57119644108576,2023,4,April,1,Tuesday,0,Pre-Monsoon,28.8,88,41.0,38,88,PM2.5,Moderate,0,0
2023-04-12,31.229166666666668,44.729166666666664,4.433333333333334,4.25,306.8333333333333,20.9875,14.2,27.9,0.0,5.291666666666667,50.875,872.3125,9.491666666666667,208.44225010966153,2023,4,April,2,Wednesday,0,Pre-Monsoon,31.2,92,44.0,41,92,PM2.5,Moderate,0,0
2023-04-13,31.2625,44.84583333333333,4.458333333333333,4.6375,302.3333333333333,21.599999999999998,15.3,28.3,0.0,5.5375000000000005,48.833333333333336,871.7333333333332,9.741666666666667,209.7736716749937,2023,4,April,3,Thursday,0,Pre-Monsoon,31.2,92,44.0,41,92,PM2.5,Moderate,0,0
2023-04-14,34.9125,50.074999999999996,4.770833333333333,4.6875,327.3333333333333,22.5,16.3,29.0,0.0,5.570833333333333,51.666666666666664,872.7166666666667,10.954166666666666,213.74513523240918,2023,4,April,4,Friday,0,Pre-Monsoon,34.9,99,50.0,46,99,PM2.5,Moderate,0,0
2023-04-15,37.391666666666666,53.50833333333333,5.025,5.304166666666666,366.9583333333333,23.1125,16.8,29.0,0.0,4.7375,53.208333333333336,873.375,12.2125,215.47759415647036,2023,4,April,5,Saturday,1,Pre-Monsoon,37.3,105,53.0,49,105,PM2.5,Unhealthy for Sensitive Groups,1,0
2023-04-16,30.608333333333334,43.82916666666667,4.783333333333333,4.454166666666667,318.1666666666667,22.795833333333334,16.8,30.0,0.0,5.679166666666667,40.166666666666664,871.1041666666666,7.616666666666667,212.65761435362026,2023,4,April,6,Sunday,1,Pre-Monsoon,30.6,91,43.0,40,91,PM2.5,Moderate,0,0
2023-04-17,28.429166666666664,40.699999999999996,5.679166666666667,4.133333333333334,321.625,24.116666666666664,17.2,30.8,0.0,5.904166666666666,37.375,871.9791666666666,7.591666666666666,207.63371371318073,2023,4,April,0,Monday,0,Pre-Monsoon,28.4,87,40.0,37,87,PM2.5,Moderate,0,0
2023-04-18,29.21666666666667,42.00416666666667,4.366666666666666,4.429166666666666,289.0,24.608333333333334,18.1,31.3,0.0,6.370833333333334,33.916666666666664,872.4166666666666,6.758333333333333,216.58620028839047,2023,4,April,1,Tuesday,0,Pre-Monsoon,29.2,88,42.0,39,88,PM2.5,Moderate,0,0
2023-04-19,28.758333333333336,41.479166666666664,4.2749999999999995,4.15,284.2916666666667,23.979166666666668,17.1,31.2,0.0,6.1375,35.875,868.2833333333333,6.75,222.23122592955758,2023,4,April,2,Wednesday,0,Pre-Monsoon,28.7,88,41.0,38,88,PM2.5,Moderate,0,0
2023-04-20,31.754166666666666,46.333333333333336,4.858333333333333,4.395833333333333,288.1666666666667,23.066666666666666,17.1,30.3,0.3,6.454166666666667,38.916666666666664,867.0166666666668,7.408333333333334,183.17947614737557,2023,4,April,3,Thursday,0,Pre-Monsoon,31.7,93,46.0,43,93,PM2.5,Moderate,0,0
2023-04-21,25.724999999999998,38.3375,4.508333333333334,4.191666666666666,245.25,19.525000000000002,13.8,27.4,0.8,7.208333333333333,50.375,867.875,7.558333333333334,223.51052927872038,2023,4,April,4,Friday,0,Pre-Monsoon,25.7,82,38.0,35,82,PM2.5,Moderate,0,0
2023-04-22,24.59583333333333,36.074999999999996,3.7458333333333336,3.8541666666666665,241.16666666666666,20.629166666666666,14.3,26.8,0.0,5.554166666666667,40.5,868.5625,5.720833333333334,232.5048749891265,2023,4,April,5,Saturday,1,Pre-Monsoon,24.5,80,36.0,33,80,PM2.5,Moderate,0,0
2023-04-23,30.65416666666667,44.40833333333333,3.6208333333333336,4.404166666666667,276.2916666666667,19.333333333333332,12.8,25.9,2.2,5.133333333333334,53.958333333333336,870.8375,7.683333333333334,193.9964661719051,2023,4,April,6,Sunday,1,Pre-Monsoon,30.6,91,44.0,41,91,PM2.5,Moderate,0,0
2023-04-24,45.07916666666667,65.09166666666667,4.6125,5.4375,351.5416666666667,16.425,12.4,21.6,0.5,4.7125,66.83333333333333,873.5791666666668,9.737499999999999,157.2762926443606,2023,4,April,0,Monday,0,Pre-Monsoon,45.0,124,65.0,56,124,PM2.5,Unhealthy for Sensitive Groups,1,0
2023-04-25,32.8375,47.37916666666666,4.675,4.8999999999999995,344.8333333333333,17.316666666666666,13.1,23.5,8.2,3.8000000000000003,66.25,872.9625,10.566666666666666,176.29250847507836,2023,4,April,1,Tuesday,0,Pre-Monsoon,32.8,95,47.0,44,95,PM2.5,Moderate,0,0
2023-04-26,27.991666666666664,40.19166666666667,9.441666666666666,3.975,391.5,19.2625,13.4,24.0,0.6,4.845833333333333,59.541666666666664,871.6916666666666,10.625,231.5370518122774,2023,4,April,2,Wednesday,0,Pre-Monsoon,27.9,86,40.0,37,86,PM2.5,Moderate,0,0
2023-04-27,41.27916666666667,59.1625,16.575,4.825,533.375,19.858333333333334,15.0,24.1,0.30000000000000004,3.8958333333333335,55.166666666666664,872.1416666666668,10.0875,230.37920011633975,2023,4,April,3,Thursday,0,Pre-Monsoon,41.2,115,59.0,53,115,PM2.5,Unhealthy for Sensitive Groups,1,0
2023-04-28,42.016666666666666,60.35833333333333,16.7,5.241666666666666,557.6666666666666,19.683333333333334,14.3,25.7,0.2,5.741666666666667,58.083333333333336,871.6916666666666,10.354166666666666,226.95311998306724,2023,4,April,4,Friday,0,Pre-Monsoon,42.0,117,60.0,53,117,PM2.5,Unhealthy for Sensitive Groups,1,0
2023-04-29,39.291666666666664,57.01666666666667,11.966666666666667,4.358333333333333,458.2916666666667,19.675,15.4,25.5,0.3,4.866666666666666,63.5,871.1666666666666,11.8125,195.2946369005481,2023,4,April,5,Saturday,1,Pre-Monsoon,39.2,110,57.0,52,110,PM2.5,Unhealthy for Sensitive Groups,1,0
2023-04-30,54.6,78.91666666666667,10.512500000000001,5.316666666666666,493.9583333333333,17.408333333333335,14.1,22.2,3.3,3.7125,78.875,870.1666666666666,13.341666666666667,203.99725021085598,2023,4,April,6,Sunday,1,Pre-Monsoon,54.6,148,78.0,62,148,PM2.5,Unhealthy for Sensitive Groups,1,0
2023-05-01,34.37916666666667,49.59166666666667,8.987499999999999,3.6125000000000003,388.5833333333333,15.924999999999999,13.5,18.8,6.6,3.545833333333333,84.66666666666667,870.9625,13.275,141.43917846061447,2023,5,May,0,Monday,0,Pre-Monsoon,34.3,98,49.0,45,98,PM2.5,Moderate,0,0
2023-05-02,35.40416666666667,51.11666666666667,14.370833333333332,5.7250000000000005,431.7916666666667,15.691666666666665,12.4,20.9,7.6000000000000005,3.6291666666666664,83.70833333333333,871.1916666666666,12.799999999999999,143.06520000793725,2023,5,May,1,Tuesday,0,Pre-Monsoon,35.4,100,51.0,47,100,PM2.5,Moderate,0,0
2023-05-03,30.183333333333334,43.42083333333333,12.291666666666666,5.570833333333333,419.375,17.833333333333332,13.7,24.2,15.4,4.05,76.91666666666667,872.3916666666668,13.383333333333333,188.554313884488,2023,5,May,2,Wednesday,0,Pre-Monsoon,30.1,90,43.0,40,90,PM2.5,Moderate,0,0
2023-05-04,24.40416666666667,35.041666666666664,8.025,3.4875000000000003,332.0416666666667,16.770833333333332,12.9,20.4,1.8,3.216666666666667,82.16666666666667,870.7041666666668,13.570833333333333,203.08241629294622,2023,5,May,3,Thursday,0,Pre-Monsoon,24.4,80,35.0,32,80,PM2.5,Moderate,0,0
2023-05-05,25.233333333333334,36.112500000000004,9.533333333333333,3.279166666666667,366.7083333333333,18.7625,13.6,23.9,0.1,4.945833333333334,72.5,868.975,13.345833333333333,250.50462043495557,2023,5,May,4,Friday,0,Pre-Monsoon,25.2,81,36.0,33,81,PM2.5,Moderate,0,0
2023-05-06,18.525000000000002,26.5625,14.408333333333333,3.0208333333333335,402.6666666666667,20.341666666666665,15.0,25.7,0.30000000000000004,4.6375,64.45833333333333,868.3666666666667,12.895833333333334,228.1191530149454,2023,5,May,5,Saturday,1,Pre-Monsoon,18.5,69,26.0,24,69,PM2.5,Moderate,0,0
2023-05-07,21.020833333333332,30.479166666666668,18.037499999999998,3.716666666666667,459.1666666666667,20.008333333333333,15.5,26.3,0.8,5.033333333333333,66.70833333333333,868.6083333333332,13.258333333333333,196.30391387308686,2023,5,May,6,Sunday,1,Pre-Monsoon,21.0,73,30.0,28,73,PM2.5,Moderate,0,0
2023-05-08,19.929166666666667,29.212500000000002,16.433333333333334,3.7125,434.9166666666667,21.825,15.7,27.8,0.0,5.0125,49.416666666666664,869.5041666666667,9.970833333333333,211.6411436858408,2023,5,May,0,Monday,0,Pre-Monsoon,19.9,71,29.0,27,71,PM2.5,Moderate,0,0
2023-05-09,17.162499999999998,26.15833333333333,15.049999999999999,3.4333333333333336,391.8333333333333,20.95,14.1,27.8,0.1,6.333333333333333,48.25,868.8583333333332,8.570833333333333,206.398737997602,2023,5,May,1,Tuesday,0,Pre-Monsoon,17.1,66,26.0,24,66,PM2.5,Moderate,0,0
2023-05-10,18.666666666666668,27.695833333333336,9.154166666666667,4.379166666666666,327.0,20.791666666666668,13.8,26.8,0.6,4.8500000000000005,48.125,869.4916666666667,8.616666666666667,177.54943963378162,2023,5,May,2,Wednesday,0,Pre-Monsoon,18.6,69,27.0,25,69,PM2.5,Moderate,0,0
2023-05-11,22.458333333333332,32.670833333333334,4.1000000000000005,5.329166666666667,280.8333333333333,20.941666666666666,13.9,28.7,0.0,5.608333333333333,39.208333333333336,871.2916666666666,5.191666666666666,181.76244968372993,2023,5,May,3,Thursday,0,Pre-Monsoon,22.4,76,32.0,30,76,PM2.5,Moderate,0,0
2023-05-12,28.383333333333336,40.854166666666664,4.229166666666667,6.866666666666667,349.9166666666667,21.837500000000002,15.2,28.2,0.0,4.8999999999999995,49.291666666666664,871.9083333333333,9.570833333333333,205.8842218069791,2023,5,May,4,Friday,0,Pre-Monsoon,28.3,87,40.0,37,87,PM2.5,Moderate,0,0
2023-05-13,40.13333333333333,57.69166666666666,14.470833333333333,7.683333333333334,555.375,21.974999999999998,16.9,28.7,0.0,5.6875,60.083333333333336,871.2666666666668,12.9,222.43296186595674,2023,5,May,5,Saturday,1,Pre-Monsoon,40.1,112,57.0,52,112,PM2.5,Unhealthy for Sensitive Groups,1,0
2023-05-14,47.074999999999996,68.00416666666666,9.6625,4.733333333333333,520.9583333333334,20.441666666666666,15.2,27.1,7.2,5.041666666666667,69.75,868.1458333333334,14.266666666666666,195.22998265717575,2023,5,May,6,Sunday,1,Pre-Monsoon,47.0,129,68.0,57,129,PM2.5,Unhealthy for Sensitive Groups,1,0
2023-05-15,41.375,60.4625,6.608333333333333,3.154166666666667,412.625,19.55,14.9,24.6,6.0,5.020833333333333,74.375,867.9250000000001,14.545833333333334,221.21271507590248,2023,5,May,0,Monday,0,Pre-Monsoon,41.3,115,60.0,53,115,PM2.5,Unhealthy for Sensitive Groups,1,0
2023-05-16,35.50833333333333,52.125,10.266666666666667,4.716666666666667,461.625,19.287499999999998,14.6,24.1,3.9,3.8874999999999997,77.91666666666667,869.4583333333334,15.0875,200.17869089717283,2023,5,May,1,Tuesday,0,Pre-Monsoon,35.5,101,52.0,48,101,PM2.5,Unhealthy for Sensitive Groups,1,0
2023-05-17,39.9125,57.9375,12.612499999999999,4.9125000000000005,532.3333333333334,19.7375,14.8,25.8,6.1,4.754166666666666,76.79166666666667,871.75,15.1875,183.30267537605528,2023,5,May,2,Wednesday,0,Pre-Monsoon,39.9,112,57.0,52,112,PM2.5,Unhealthy for Sensitive Groups,1,0
2023-05-18,39.37083333333333,58.01666666666667,14.541666666666666,4.4125000000000005,585.2083333333334,19.8,15.8,24.4,6.0,4.545833333333333,81.33333333333333,871.5583333333334,16.270833333333332,230.57297399598153,2023,5,May,3,Thursday,0,Pre-Monsoon,39.3,110,58.0,52,110,PM2.5,Unhealthy for Sensitive Groups,1,0
2023-05-19,29.15833333333333,43.7125,13.75,4.554166666666666,502.4166666666667,20.287499999999998,16.0,26.1,1.5,5.554166666666667,73.45833333333333,869.8125,14.950000000000001,216.34048990000989,2023,5,May,4,Friday,0,Pre-Monsoon,29.1,88,43.0,40,88,PM2.5,Moderate,0,0
2023-05-20,35.50833333333333,53.5,16.129166666666666,5.9875,513.2083333333334,20.0,15.2,24.9,1.1,3.845833333333333,74.95833333333333,869.5291666666667,15.133333333333333,198.95709959303736,2023,5,May,5,Saturday,1,Pre-Monsoon,35.5,101,53.0,49,101,PM2.5,Unhealthy for Sensitive Groups,1,0
2023-05-21,35.375,51.604166666666664,17.45,4.8500000000000005,517.375,20.895833333333332,16.7,25.6,0.0,5.066666666666666,69.0,871.0083333333333,14.5375,221.8189072702995,2023,5,May,6,Sunday,1,Pre-Monsoon,35.3,100,51.0,47,100,PM2.5,Moderate,0,0
2023-05-22,40.770833333333336,59.11666666666667,15.625,5.25,559.4166666666666,21.9375,16.5,26.2,2.1,4.883333333333334,71.91666666666667,872.3333333333334,16.208333333333332,225.79405387244753,2023,5,May,0,Monday,0,Pre-Monsoon,40.7,114,59.0,53,114,PM2.5,Unhealthy for Sensitive Groups,1,0
2023-05-23,48.22083333333333,69.59166666666667,17.875,4.116666666666666,587.8333333333334,20.6125,17.4,26.5,3.8000000000000003,3.8041666666666667,80.91666666666667,871.5708333333333,16.908333333333335,170.6019824664201,2023,5,May,1,Tuesday,0,Pre-Monsoon,48.2,132,69.0,58,132,PM2.5,Unhealthy for Sensitive Groups,1,0
2023-05-24,29.224999999999998,42.324999999999996,11.783333333333333,2.983333333333333,507.8333333333333,20.279166666666665,16.1,25.9,34.0,3.2125,80.91666666666667,870.5333333333333,16.629166666666666,172.6804018387248,2023,5,May,2,Wednesday,0,Pre-Monsoon,29.2,88,42.0,39,88,PM2.5,Moderate,0,0
2023-05-25,22.224999999999998,32.666666666666664,9.633333333333333,2.316666666666667,405.4166666666667,19.154166666666665,15.5,22.5,8.6,4.091666666666667,85.58333333333333,869.2624999999999,16.604166666666668,173.53241858377248,2023,5,May,3,Thursday,0,Pre-Monsoon,22.2,75,32.0,30,75,PM2.5,Moderate,0,0
2023-05-26,24.133333333333336,36.045833333333334,11.933333333333332,2.1708333333333334,385.0416666666667,19.166666666666668,15.7,24.0,9.7,3.0541666666666667,80.625,869.9833333333332,15.5,158.24438106597043,2023,5,May,4,Friday,0,Pre-Monsoon,24.1,79,36.0,33,79,PM2.5,Moderate,0,0
2023-05-27,24.650000000000002,36.56666666666667,9.387500000000001,2.2083333333333335,363.8333333333333,18.787499999999998,13.6,23.7,6.0,3.6916666666666664,83.33333333333333,869.5625,15.674999999999999,207.7533043153076,2023,5,May,5,Saturday,1,Pre-Monsoon,24.6,80,36.0,33,80,PM2.5,Moderate,0,0
2023-05-28,27.175,39.87916666666667,18.3125,4.1875,473.0833333333333,19.658333333333335,14.7,23.6,3.2,3.1625,80.41666666666667,871.6041666666666,15.854166666666666,203.16148413549564,2023,5,May,6,Sunday,1,Pre-Monsoon,27.1,85,39.0,36,85,PM2.5,Moderate,0,0
2023-05-29,30.491666666666664,44.63333333333333,22.0,5.304166666666666,581.2083333333334,21.075,17.1,25.8,1.7,4.316666666666666,77.29166666666667,873.1625,16.599999999999998,211.0531303485809,2023,5,May,0,Monday,0,Pre-Monsoon,30.4,91,44.0,41,91,PM2.5,Moderate,0,0
2023-05-30,31.0125,45.291666666666664,20.05,4.25,556.9583333333334,22.650000000000002,18.2,27.1,0.1,4.3875,71.16666666666667,872.4499999999999,16.85833333333333,198.25065889326692,2023,5,May,1,Tuesday,0,Pre-Monsoon,31.0,92,45.0,42,92,PM2.5,Moderate,0,0
2023-05-31,23.09583333333333,34.22083333333333,13.079166666666666,3.4166666666666665,423.5,23.791666666666668,19.1,28.7,0.0,4.883333333333334,59.625,870.8291666666668,15.174999999999999,237.72292621804556,2023,5,May,2,Wednesday,0,Pre-Monsoon,23.0,77,34.0,31,77,PM2.5,Moderate,0,0
2023-06-01,22.554166666666664,34.11666666666667,12.270833333333334,3.483333333333333,356.2083333333333,24.09166666666667,18.5,29.9,0.0,5.133333333333334,49.708333333333336,868.8000000000001,12.516666666666666,227.03033418301428,2023,6,June,3,Thursday,0,Monsoon,22.5,76,34.0,31,76,PM2.5,Moderate,0,0
2023-06-02,21.587500000000002,32.266666666666666,15.516666666666666,3.1750000000000003,398.25,23.945833333333336,18.6,28.8,0.0,3.829166666666667,52.791666666666664,869.1666666666666,13.133333333333333,229.1476108655089,2023,6,June,4,Friday,0,Monsoon,21.5,74,32.0,30,74,PM2.5,Moderate,0,0
2023-06-03,22.354166666666668,33.704166666666666,21.370833333333334,3.8249999999999997,488.625,23.3875,18.1,28.5,0.4,3.725,48.958333333333336,870.0583333333334,11.612499999999999,207.79518710942676,2023,6,June,5,Saturday,1,Monsoon,22.3,76,33.0,31,76,PM2.5,Moderate,0,0
2023-06-04,21.233333333333334,30.941666666666666,19.925,3.8375,494.6666666666667,23.787499999999998,17.9,30.0,0.0,5.658333333333334,51.916666666666664,869.6999999999999,12.495833333333332,219.2510242775124,2023,6,June,6,Sunday,1,Monsoon,21.2,74,30.0,28,74,PM2.5,Moderate,0,0
2023-06-05,26.28333333333333,37.958333333333336,17.025000000000002,4.283333333333333,485.3333333333333,23.229166666666668,18.0,28.9,0.0,5.533333333333334,56.958333333333336,869.5416666666666,13.625,194.22933619325605,2023,6,June,0,Monday,0,Monsoon,26.2,83,37.0,34,83,PM2.5,Moderate,0,0
2023-06-06,33.90833333333333,49.13333333333333,20.316666666666666,3.983333333333333,536.2916666666666,23.195833333333336,18.6,29.2,0.8,4.566666666666667,62.375,868.9333333333334,15.120833333333332,189.32732507939068,2023,6,June,1,Tuesday,0,Monsoon,33.9,97,49.0,45,97,PM2.5,Moderate,0,0
2023-06-07,29.412499999999998,42.770833333333336,18.633333333333333,3.375,489.2083333333333,23.875,18.9,29.0,2.5,3.9250000000000003,60.833333333333336,868.8333333333334,15.479166666666666,211.19586922045602,2023,6,June,2,Wednesday,0,Monsoon,29.4,89,42.0,39,89,PM2.5,Moderate,0,0
2023-06-08,25.266666666666666,36.550000000000004,16.9375,3.7916666666666665,474.4166666666667,23.883333333333336,19.6,29.7,5.7,4.441666666666666,62.5,868.2416666666667,15.929166666666667,194.75039667609565,2023,6,June,3,Thursday,0,Monsoon,25.2,81,36.0,33,81,PM2.5,Moderate,0,0
2023-06-09,27.650000000000002,39.82083333333333,19.945833333333333,3.845833333333333,522.6666666666666,24.883333333333336,19.2,29.6,0.1,4.8500000000000005,60.333333333333336,866.6833333333334,16.1375,207.1652630557109,2023,6,June,4,Friday,0,Monsoon,27.6,85,39.0,36,85,PM2.5,Moderate,0,0
2023-06-10,36.69166666666667,52.90833333333333,20.05,6.108333333333333,617.2916666666666,24.183333333333334,19.5,28.9,0.30000000000000004,4.329166666666667,69.58333333333333,865.9958333333334,17.7625,209.06198177992647,2023,6,June,5,Saturday,1,Monsoon,36.6,104,52.0,48,104,PM2.5,Unhealthy for Sensitive Groups,1,0
2023-06-11,34.291666666666664,49.28333333333333,6.8,4.254166666666666,410.75,23.40833333333333,20.0,28.1,1.5,5.233333333333333,78.70833333333333,865.2916666666666,19.258333333333333,242.46454947587347,2023,6,June,6,Sunday,1,Monsoon,34.2,98,49.0,45,98,PM2.5,Moderate,0,0
2023-06-12,38.175000000000004,55.07083333333333,5.291666666666667,4.241666666666666,377.9166666666667,22.775000000000002,19.0,27.8,6.1000000000000005,4.45,82.08333333333333,865.5083333333333,19.241666666666667,144.2384319983461,2023,6,June,0,Monday,0,Monsoon,38.1,107,55.0,51,107,PM2.5,Unhealthy for Sensitive Groups,1,0
2023-06-13,34.40833333333333,49.52916666666667,7.641666666666667,3.408333333333333,398.8333333333333,22.45,18.7,28.1,8.2,4.104166666666667,82.75,864.1291666666666,19.025,165.93810972870799,2023,6,June,1,Tuesday,0,Monsoon,34.4,98,49.0,45,98,PM2.5,Moderate,0,0
2023-06-14,30.3875,44.362500000000004,8.7125,2.4,376.7083333333333,21.349999999999998,19.0,26.6,22.3,4.820833333333334,88.95833333333333,864.2541666666666,19.349999999999998,117.80663098540842,2023,6,June,2,Wednesday,0,Monsoon,30.3,90,44.0,41,90,PM2.5,Moderate,0,0
2023-06-15,25.875,39.020833333333336,7.816666666666666,3.5416666666666665,308.875,22.433333333333334,18.9,27.2,8.200000000000001,5.4875,84.70833333333333,864.6166666666667,19.608333333333334,146.67191177820405,2023,6,June,3,Thursday,0,Monsoon,25.8,82,39.0,36,82,PM2.5,Moderate,0,0
2023-06-16,23.96666666666667,35.62083333333333,10.904166666666667,3.9166666666666665,345.2083333333333,23.108333333333334,19.6,28.2,1.5,4.479166666666667,81.25,865.5124999999999,19.520833333333332,195.30904927804795,2023,6,June,4,Friday,0,Monsoon,23.9,79,35.0,32,79,PM2.5,Moderate,0,0
2023-06-17,29.145833333333332,42.625,10.445833333333333,4.820833333333334,363.2916666666667,23.708333333333332,20.0,27.5,10.1,3.8874999999999997,81.20833333333333,867.9083333333333,20.116666666666667,241.76822761259842,2023,6,June,5,Saturday,1,Monsoon,29.1,88,42.0,39,88,PM2.5,Moderate,0,0
2023-06-18,28.77916666666667,42.295833333333334,7.108333333333333,3.045833333333333,271.5416666666667,23.370833333333334,20.2,28.4,2.9,5.308333333333334,82.91666666666667,868.1125000000001,20.104166666666668,253.74165892552477,2023,6,June,6,Sunday,1,Monsoon,28.7,88,42.0,39,88,PM2.5,Moderate,0,0
2023-06-19,26.854166666666668,40.55416666666667,12.941666666666668,3.3958333333333335,354.5833333333333,22.891666666666666,19.7,27.5,3.6,4.5375000000000005,85.70833333333333,867.3291666666668,20.270833333333332,272.93374206020275,2023,6,June,0,Monday,0,Monsoon,26.8,84,40.0,37,84,PM2.5,Moderate,0,0
2023-06-20,25.370833333333334,37.233333333333334,10.775,2.795833333333333,335.2916666666667,23.258333333333336,20.1,27.4,4.4,4.158333333333333,80.79166666666667,867.5583333333334,19.633333333333333,184.22999029091133,2023,6,June,1,Tuesday,0,Monsoon,25.3,81,37.0,34,81,PM2.5,Moderate,0,0
2023-06-21,22.020833333333332,32.03333333333334,10.629166666666666,2.529166666666667,341.4583333333333,23.866666666666664,20.0,28.2,3.4,4.345833333333333,82.33333333333333,868.2041666666668,20.412499999999998,239.09957243289534,2023,6,June,2,Wednesday,0,Monsoon,22.0,75,32.0,30,75,PM2.5,Moderate,0,0
2023-06-22,27.254166666666666,39.47083333333333,5.966666666666666,3.2375000000000003,316.5,24.083333333333332,21.1,27.9,6.0,3.3000000000000003,83.25,868.65,20.904166666666665,7.325455879540899,2023,6,June,3,Thursday,0,Monsoon,27.2,85,39.0,36,85,PM2.5,Moderate,0,0
2023-06-23,22.099999999999998,31.620833333333334,7.170833333333333,3.6875,355.2083333333333,24.008333333333336,21.3,27.8,12.1,2.7083333333333335,85.125,868.7458333333334,21.170833333333334,295.85598407301677,2023,6,June,4,Friday,0,Monsoon,22.0,75,31.0,29,75,PM2.5,Moderate,0,0
2023-06-24,15.424999999999999,22.09583333333333,8.491666666666667,2.279166666666667,330.125,23.129166666666666,20.9,26.4,28.0,2.8874999999999997,88.5,868.3041666666667,21.066666666666666,176.7878428651134,2023,6,June,5,Saturday,1,Monsoon,15.4,63,22.0,20,63,PM2.5,Moderate,0,0
2023-06-25,16.429166666666667,23.620833333333334,12.658333333333333,2.3125,362.625,22.895833333333332,19.7,27.6,15.2,3.2416666666666667,87.29166666666667,868.4916666666667,20.579166666666666,160.07323323769035,2023,6,June,6,Sunday,1,Monsoon,16.4,65,23.0,21,65,PM2.5,Moderate,0,0
2023-06-26,18.054166666666667,25.9875,13.991666666666667,2.183333333333333,356.9583333333333,23.020833333333332,18.9,27.7,8.3,3.0,82.625,868.1541666666667,19.7875,124.48720381885614,2023,6,June,0,Monday,0,Monsoon,18.0,68,25.0,23,68,PM2.5,Moderate,0,0
2023-06-27,13.8375,19.754166666666666,10.708333333333334,2.4791666666666665,338.2083333333333,23.170833333333334,20.2,26.2,17.3,2.9625,84.375,868.1833333333334,20.258333333333333,108.5768832133245,2023,6,June,1,Tuesday,0,Monsoon,13.8,60,19.0,18,60,PM2.5,Moderate,0,0
2023-06-28,6.733333333333333,9.5875,6.5375000000000005,2.5083333333333333,266.375,22.625,20.1,26.5,30.4,3.5541666666666667,86.625,868.8791666666666,20.1875,110.7472729388482,2023,6,June,2,Wednesday,0,Monsoon,6.7,37,9.0,8,37,PM2.5,Good,0,0
2023-06-29,6.670833333333333,9.454166666666667,5.4875,2.033333333333333,249.375,23.041666666666668,20.7,27.1,37.3,5.120833333333334,84.79166666666667,868.1041666666666,20.183333333333334,122.87038212191443,2023,6,June,3,Thursday,0,Monsoon,6.6,37,9.0,8,37,PM2.5,Good,0,0
2023-06-30,6.175,8.766666666666667,6.083333333333333,5.658333333333334,298.9166666666667,21.879166666666666,20.5,24.3,18.5,3.466666666666667,92.25,867.5375,20.545833333333334,130.90899197893881,2023,6,June,4,Friday,0,Monsoon,6.1,34,8.0,7,34,PM2.5,Good,0,0
2023-07-01,7.1125,10.125,7.579166666666667,5.429166666666667,329.0,22.25,20.5,26.2,23.400000000000002,3.5625,90.83333333333333,868.2083333333334,20.604166666666668,159.10622521915892,2023,7,July,5,Saturday,1,Monsoon,7.1,39,10.0,9,39,PM2.5,Good,0,0
2023-07-02,13.920833333333334,19.820833333333333,8.620833333333334,3.829166666666666,340.875,22.804166666666664,19.9,27.8,10.6,3.154166666666667,89.08333333333333,867.725,20.825,113.39242338193358,2023,7,July,6,Sunday,1,Monsoon,13.9,60,19.0,18,60,PM2.5,Moderate,0,0
2023-07-03,12.233333333333334,17.383333333333333,7.966666666666666,5.4125000000000005,348.9166666666667,22.883333333333336,20.0,26.9,21.4,2.404166666666667,90.04166666666667,867.7708333333334,21.083333333333332,107.59081086550401,2023,7,July,0,Monday,0,Monsoon,12.2,57,17.0,16,57,PM2.5,Moderate,0,0
2023-07-04,17.379166666666666,25.275000000000002,6.6875,4.1875,310.0,22.462500000000002,20.1,26.0,27.2,2.8874999999999997,89.75,867.7125,20.670833333333334,148.24282966019135,2023,7,July,1,Tuesday,0,Monsoon,17.3,66,25.0,23,66,PM2.5,Moderate,0,0
2023-07-05,16.708333333333332,23.7625,9.333333333333334,4.416666666666667,363.375,22.02916666666667,19.1,26.3,9.0,3.2708333333333335,89.25,867.4416666666666,20.075,155.53470842528927,2023,7,July,2,Wednesday,0,Monsoon,16.7,65,23.0,21,65,PM2.5,Moderate,0,0
2023-07-06,16.175,23.09583333333333,8.683333333333334,3.283333333333333,324.6666666666667,23.004166666666666,20.2,27.5,24.3,3.5,87.0,868.9250000000001,20.579166666666666,151.26185761627116,2023,7,July,3,Thursday,0,Monsoon,16.1,64,23.0,21,64,PM2.5,Moderate,0,0
2023-07-07,7.320833333333333,10.466666666666667,8.233333333333333,2.7708333333333335,284.5,23.183333333333334,20.1,26.8,19.1,4.008333333333334,86.58333333333333,869.7125,20.733333333333334,135.96627632458188,2023,7,July,4,Friday,0,Monsoon,7.3,41,10.0,9,41,PM2.5,Good,0,0
2023-07-08,6.9875,10.079166666666667,6.933333333333334,2.504166666666667,267.9583333333333,23.349999999999998,20.4,27.7,11.2,3.3166666666666664,86.25,870.5666666666666,20.783333333333335,149.67850573408055,2023,7,July,5,Saturday,1,Monsoon,6.9,38,10.0,9,38,PM2.5,Good,0,0
2023-07-09,7.866666666666667,11.254166666666668,7.045833333333333,2.6541666666666663,274.2083333333333,23.758333333333336,20.8,27.8,9.799999999999999,2.6,85.95833333333333,869.7583333333333,21.133333333333333,68.54893249281194,2023,7,July,6,Sunday,1,Monsoon,7.8,43,11.0,10,43,PM2.5,Good,0,0
2023-07-10,17.395833333333332,24.854166666666668,8.091666666666667,3.9625,321.1666666666667,23.491666666666664,20.4,28.6,7.4,3.1166666666666667,87.75,868.875,21.208333333333332,156.800480768049,2023,7,July,0,Monday,0,Monsoon,17.3,66,24.0,22,66,PM2.5,Moderate,0,0
2023-07-11,29.383333333333336,42.12916666666667,8.3125,7.533333333333334,389.0,23.570833333333336,20.3,28.4,11.1,2.720833333333333,86.5,868.5749999999999,21.0125,171.80399713981657,2023,7,July,1,Tuesday,0,Monsoon,29.3,89,42.0,39,89,PM2.5,Moderate,0,0
2023-07-12,18.120833333333334,25.795833333333334,6.483333333333333,6.375,337.7083333333333,22.858333333333334,20.3,26.5,29.6,3.141666666666667,89.91666666666667,868.7916666666666,21.054166666666667,126.25039933512467,2023,7,July,2,Wednesday,0,Monsoon,18.1,68,25.0,23,68,PM2.5,Moderate,0,0
2023-07-13,15.200000000000001,21.599999999999998,6.341666666666666,4.054166666666666,309.3333333333333,22.745833333333334,20.7,27.0,30.9,2.904166666666667,89.08333333333333,868.6833333333334,20.7625,47.96397611973482,2023,7,July,3,Thursday,0,Monsoon,15.2,62,21.0,19,62,PM2.5,Moderate,0,0
2023-07-14,17.095833333333335,24.370833333333334,6.495833333333334,4.029166666666667,313.5,22.995833333333334,20.7,26.5,24.400000000000002,2.9250000000000003,88.625,868.8666666666667,20.883333333333333,63.44890913970236,2023,7,July,4,Friday,0,Monsoon,17.0,66,24.0,22,66,PM2.5,Moderate,0,0
2023-07-15,15.104166666666666,21.46666666666667,8.291666666666666,3.9,347.2083333333333,22.979166666666668,20.4,26.3,26.8,2.4708333333333337,88.83333333333333,868.6833333333334,20.929166666666667,168.88158635363882,2023,7,July,5,Saturday,1,Monsoon,15.1,62,21.0,19,62,PM2.5,Moderate,0,0
2023-07-16,12.908333333333333,18.254166666666666,11.408333333333333,3.6125000000000003,375.625,22.90833333333333,20.7,26.4,32.6,3.1166666666666667,90.79166666666667,868.3416666666667,21.270833333333332,326.9531969770003,2023,7,July,6,Sunday,1,Monsoon,12.9,58,18.0,17,58,PM2.5,Moderate,0,0
2023-07-17,17.058333333333334,24.21666666666667,12.65,4.541666666666667,405.7916666666667,23.02916666666667,20.9,26.7,36.7,2.8249999999999997,89.375,867.9333333333334,21.095833333333335,222.90324185410927,2023,7,July,0,Monday,0,Monsoon,17.0,66,24.0,22,66,PM2.5,Moderate,0,0
2023-07-18,17.983333333333334,25.150000000000002,12.670833333333334,4.9875,408.375,22.2625,20.5,25.0,10.7,2.3208333333333333,91.79166666666667,868.0124999999999,20.833333333333332,151.08926607193087,2023,7,July,1,Tuesday,0,Monsoon,17.9,67,25.0,23,67,PM2.5,Moderate,0,0
2023-07-19,19.558333333333334,27.625,14.979166666666666,5.2875000000000005,523.5833333333334,23.495833333333334,20.3,28.5,12.400000000000002,3.341666666666667,85.20833333333333,867.6,20.720833333333335,143.257024345265,2023,7,July,2,Wednesday,0,Monsoon,19.5,70,27.0,25,70,PM2.5,Moderate,0,0
2023-07-20,26.233333333333334,37.37083333333333,13.975,5.670833333333333,541.6666666666666,24.3,20.8,29.3,1.8,3.154166666666667,81.83333333333333,867.9916666666667,20.75,196.1753531375387,2023,7,July,3,Thursday,0,Monsoon,26.2,83,37.0,34,83,PM2.5,Moderate,0,0
2023-07-21,22.474999999999998,32.125,9.670833333333333,4.283333333333333,426.625,23.683333333333334,20.1,28.6,20.3,3.1333333333333333,84.625,870.7833333333333,20.779166666666665,137.2509998219009,2023,7,July,4,Friday,0,Monsoon,22.4,76,32.0,30,76,PM2.5,Moderate,0,0
2023-07-22,17.941666666666666,25.52916666666667,10.016666666666666,3.920833333333333,404.6666666666667,23.520833333333332,20.4,27.7,17.4,3.1041666666666665,84.375,872.5666666666666,20.587500000000002,124.64663259211663,2023,7,July,5,Saturday,1,Monsoon,17.9,67,25.0,23,67,PM2.5,Moderate,0,0
2023-07-23,14.708333333333334,20.933333333333334,10.5,3.920833333333333,389.7083333333333,22.72083333333333,19.9,27.6,37.7,3.0,88.20833333333333,871.4125,20.583333333333332,139.89932546658437,2023,7,July,6,Sunday,1,Monsoon,14.7,61,20.0,19,61,PM2.5,Moderate,0,0
2023-07-24,12.604166666666666,18.05,9.950000000000001,4.104166666666667,342.875,22.837500000000002,20.7,27.0,17.1,2.8333333333333335,88.125,869.7083333333334,20.654166666666665,122.28657664430274,2023,7,July,0,Monday,0,Monsoon,12.6,58,18.0,17,58,PM2.5,Moderate,0,0
2023-07-25,14.200000000000001,20.491666666666667,10.275,4.883333333333334,356.875,22.3125,21.0,25.5,19.1,1.95,92.125,870.2125,20.958333333333332,134.14231725269477,2023,7,July,1,Tuesday,0,Monsoon,14.2,61,20.0,19,61,PM2.5,Moderate,0,0
2023-07-26,20.55,29.59166666666667,12.0,5.020833333333333,422.6666666666667,22.958333333333332,20.5,27.1,5.3,3.154166666666667,86.625,870.5,20.441666666666666,268.285336690937,2023,7,July,2,Wednesday,0,Monsoon,20.5,72,29.0,27,72,PM2.5,Moderate,0,0
2023-07-27,18.133333333333333,25.879166666666666,10.799999999999999,3.8958333333333335,401.4166666666667,22.891666666666666,20.7,27.5,18.4,2.3958333333333335,88.5,868.7291666666666,20.75,176.48591858572286,2023,7,July,3,Thursday,0,Monsoon,18.1,68,25.0,23,68,PM2.5,Moderate,0,0
2023-07-28,10.354166666666666,14.795833333333334,7.458333333333333,2.9916666666666667,283.125,23.016666666666666,20.1,26.9,23.5,3.375,88.54166666666667,866.7666666666668,20.929166666666667,279.14802030194653,2023,7,July,4,Friday,0,Monsoon,10.3,53,14.0,13,53,PM2.5,Moderate,0,0
2023-07-29,10.7875,15.554166666666667,8.9875,2.8833333333333333,302.2083333333333,22.52916666666667,20.1,25.8,17.4,2.85,90.08333333333333,866.4583333333334,20.754166666666666,193.57867418318037,2023,7,July,5,Saturday,1,Monsoon,10.7,54,15.0,14,54,PM2.5,Moderate,0,0
2023-07-30,10.204166666666667,14.608333333333334,8.829166666666667,2.591666666666667,315.5416666666667,22.849999999999998,20.2,26.9,19.5,2.775,88.79166666666667,865.7166666666667,20.816666666666666,221.3063090891391,2023,7,July,6,Sunday,1,Monsoon,10.2,53,14.0,13,53,PM2.5,Moderate,0,0
2023-07-31,14.104166666666666,20.179166666666667,12.137500000000001,3.8083333333333336,402.125,23.474999999999998,20.5,28.8,12.5,3.4458333333333333,87.625,864.975,21.162499999999998,207.2982697879905,2023,7,July,0,Monday,0,Monsoon,14.1,60,20.0,19,60,PM2.5,Moderate,0,0
2023-08-01,14.8125,21.308333333333334,11.25,4.0874999999999995,401.9583333333333,24.295833333333334,20.5,29.1,10.8,3.35,85.45833333333333,864.7958333333332,21.53333333333333,150.13843631583939,2023,8,August,1,Tuesday,0,Monsoon,14.8,62,21.0,19,62,PM2.5,Moderate,0,0
2023-08-02,14.820833333333333,21.220833333333335,12.049999999999999,4.191666666666666,435.0,24.474999999999998,21.2,28.4,0.7000000000000001,4.016666666666667,81.79166666666667,865.1333333333333,20.920833333333334,249.1211734190922,2023,8,August,2,Wednesday,0,Monsoon,14.8,62,21.0,19,62,PM2.5,Moderate,0,0
2023-08-03,9.791666666666666,13.933333333333332,6.704166666666667,2.8166666666666664,285.5,23.504166666666666,20.8,27.2,17.3,2.6875,89.08333333333333,865.9499999999999,21.520833333333332,152.4670287759398,2023,8,August,3,Thursday,0,Monsoon,9.7,52,13.0,12,52,PM2.5,Moderate,0,0
2023-08-04,8.174999999999999,11.4625,6.616666666666667,2.970833333333333,263.6666666666667,23.150000000000002,21.0,26.2,50.4,2.0791666666666666,90.08333333333333,867.9666666666667,21.383333333333336,138.3192041324756,2023,8,August,4,Friday,0,Monsoon,8.1,45,11.0,10,45,PM2.5,Good,0,0
2023-08-05,16.474999999999998,22.8625,9.508333333333333,4.841666666666667,352.0,22.945833333333336,20.8,25.7,32.4,2.2833333333333337,91.08333333333333,868.0208333333334,21.370833333333334,345.858124021842,2023,8,August,5,Saturday,1,Monsoon,16.4,65,22.0,20,65,PM2.5,Moderate,0,0
2023-08-06,24.275000000000002,34.225,9.475,4.720833333333333,388.5833333333333,22.53333333333333,21.0,24.6,10.2,2.5083333333333333,91.58333333333333,864.8833333333333,21.054166666666667,22.635732167210808,2023,8,August,6,Sunday,1,Monsoon,24.2,79,34.0,31,79,PM2.5,Moderate,0,0
2023-08-07,11.795833333333334,16.558333333333334,8.116666666666667,4.320833333333334,382.5833333333333,22.445833333333336,21.2,24.3,45.5,2.3291666666666666,93.08333333333333,863.1125000000001,21.25,120.80321309341569,2023,8,August,0,Monday,0,Monsoon,11.7,56,16.0,15,56,PM2.5,Moderate,0,0
2023-08-08,8.1875,11.983333333333334,11.341666666666667,3.8625000000000003,377.8333333333333,22.295833333333334,20.8,24.7,45.6,1.8791666666666667,92.66666666666667,865.3625000000001,21.033333333333335,134.06663068545606,2023,8,August,1,Tuesday,0,Monsoon,8.1,45,11.0,10,45,PM2.5,Good,0,0
2023-08-09,16.666666666666668,27.025000000000002,10.35,3.0625,413.375,23.52916666666667,21.1,28.7,3.9000000000000004,2.2125,88.58333333333333,868.4416666666666,21.370833333333334,32.19207905635282,2023,8,August,2,Wednesday,0,Monsoon,16.6,65,27.0,25,65,PM2.5,Moderate,0,0
2023-08-10,17.333333333333332,23.974999999999998,11.4375,3.7416666666666667,448.25,23.441666666666666,20.6,28.4,16.0,2.716666666666667,88.125,869.7541666666666,21.216666666666665,143.7914364581976,2023,8,August,3,Thursday,0,Monsoon,17.3,66,23.0,21,66,PM2.5,Moderate,0,0
2023-08-11,12.112499999999999,17.108333333333334,8.275,2.470833333333333,385.9166666666667,23.195833333333336,20.9,27.4,29.0,2.3625000000000003,91.04166666666667,868.8208333333333,21.587500000000002,37.28167410827872,2023,8,August,4,Friday,0,Monsoon,12.1,57,17.0,16,57,PM2.5,Moderate,0,0
2023-08-12,9.112499999999999,13.329166666666666,6.854166666666667,3.3874999999999997,341.2083333333333,23.075,21.5,26.0,72.9,2.433333333333333,91.625,866.4666666666667,21.616666666666664,315.8814062220488,2023,8,August,5,Saturday,1,Monsoon,9.1,51,13.0,12,51,PM2.5,Moderate,0,0
2023-08-13,9.441666666666666,13.8125,7.258333333333333,4.483333333333333,281.7916666666667,21.84166666666667,20.7,23.2,58.0,1.6916666666666667,94.54166666666667,868.225,20.9375,204.063769422896,2023,8,August,6,Sunday,1,Monsoon,9.4,52,13.0,12,52,PM2.5,Moderate,0,0
2023-08-14,15.816666666666668,24.03333333333333,8.904166666666667,3.8000000000000003,328.875,21.645833333333332,18.2,24.6,0.30000000000000004,3.266666666666667,90.29166666666667,869.5375,19.895833333333332,246.35433660713184,2023,8,August,0,Monday,0,Monsoon,15.8,63,24.0,22,63,PM2.5,Moderate,0,0
2023-08-15,25.075,38.354166666666664,12.045833333333334,3.8541666666666665,421.9166666666667,22.916666666666668,18.8,27.7,7.1,3.0666666666666664,86.66666666666667,869.4125,20.391666666666666,230.83154924562922,2023,8,August,1,Tuesday,0,Monsoon,25.0,81,38.0,35,81,PM2.5,Moderate,0,0
2023-08-16,29.808333333333334,45.69166666666666,11.1625,4.375,403.6666666666667,23.175,19.7,27.2,4.8,3.5041666666666664,88.58333333333333,868.9833333333332,21.045833333333334,201.22563728715141,2023,8,August,2,Wednesday,0,Monsoon,29.8,90,45.0,42,90,PM2.5,Moderate,0,0
2023-08-17,29.96666666666667,45.24583333333334,10.758333333333333,4.1375,450.3333333333333,23.099999999999998,20.0,28.1,7.1,3.0124999999999997,86.54166666666667,869.3458333333333,20.616666666666667,153.1627794007626,2023,8,August,3,Thursday,0,Monsoon,29.9,90,45.0,42,90,PM2.5,Moderate,0,0
2023-08-18,22.995833333333334,33.19166666666667,11.291666666666666,4.541666666666667,499.8333333333333,23.72083333333333,20.2,27.7,17.7,3.6458333333333335,85.79166666666667,870.3666666666667,21.099999999999998,130.87004352857866,2023,8,August,4,Friday,0,Monsoon,22.9,77,33.0,31,77,PM2.5,Moderate,0,0
2023-08-19,16.166666666666668,22.991666666666664,8.445833333333333,3.6666666666666665,384.0416666666667,23.65833333333333,20.2,28.1,10.6,2.725,86.5,870.9250000000001,21.1125,265.5890134584692,2023,8,August,5,Saturday,1,Monsoon,16.1,64,22.0,20,64,PM2.5,Moderate,0,0
2023-08-20,18.85,27.316666666666666,11.229166666666666,4.008333333333334,387.1666666666667,23.0,21.4,26.9,32.7,1.9958333333333333,91.04166666666667,870.775,21.395833333333332,312.6593144114804,2023,8,August,6,Sunday,1,Monsoon,18.8,69,27.0,25,69,PM2.5,Moderate,0,0
2023-08-21,22.241666666666664,32.49166666666667,9.720833333333333,4.816666666666666,382.0416666666667,22.354166666666668,20.1,25.3,9.9,1.8875,93.04166666666667,869.5541666666667,21.141666666666666,221.93539624839576,2023,8,August,0,Monday,0,Monsoon,22.2,75,32.0,30,75,PM2.5,Moderate,0,0
2023-08-22,18.620833333333334,26.25,8.458333333333334,4.175,342.3333333333333,22.825,21.0,26.6,21.5,2.275,90.125,869.0708333333333,21.033333333333335,328.72424951970044,2023,8,August,1,Tuesday,0,Monsoon,18.6,69,26.0,24,69,PM2.5,Moderate,0,0
2023-08-23,14.979166666666666,21.129166666666666,6.216666666666666,4.1125,319.2083333333333,22.195833333333336,20.7,24.9,23.700000000000003,1.8375000000000001,91.91666666666667,867.1875,20.79583333333333,275.4512644609714,2023,8,August,2,Wednesday,0,Monsoon,14.9,62,21.0,19,62,PM2.5,Moderate,0,0
2023-08-24,11.020833333333334,15.704166666666666,6.075,2.6833333333333336,335.9583333333333,22.53333333333333,20.8,25.7,55.5,2.220833333333333,89.83333333333333,865.3083333333334,20.733333333333334,349.3956595650564,2023,8,August,3,Thursday,0,Monsoon,11.0,55,15.0,14,55,PM2.5,Moderate,0,0
2023-08-25,8.554166666666667,12.183333333333332,9.775,5.125,450.2916666666667,22.5125,20.8,26.1,83.2,3.3791666666666664,88.83333333333333,865.4208333333332,20.479166666666668,128.4060959158592,2023,8,August,4,Friday,0,Monsoon,8.5,47,12.0,11,47,PM2.5,Good,0,0
2023-08-26,13.704166666666666,19.695833333333333,10.820833333333333,4.833333333333333,485.875,21.666666666666668,19.7,26.2,37.2,2.720833333333333,92.5,865.7458333333334,20.366666666666667,133.8531631525646,2023,8,August,5,Saturday,1,Monsoon,13.7,60,19.0,18,60,PM2.5,Moderate,0,0
2023-08-27,24.8125,37.833333333333336,7.154166666666666,1.6541666666666668,347.5,21.974999999999998,18.8,27.6,11.299999999999999,3.1791666666666667,90.33333333333333,865.2708333333334,20.208333333333332,218.46816030652627,2023,8,August,6,Sunday,1,Monsoon,24.8,80,37.0,34,80,PM2.5,Moderate,0,0
2023-08-28,30.825,52.11666666666667,6.866666666666667,3.35,318.1666666666667,22.083333333333332,18.9,27.3,4.7,3.5124999999999997,89.70833333333333,867.0041666666666,20.175,267.8536928035684,2023,8,August,0,Monday,0,Monsoon,30.8,91,52.0,48,91,PM2.5,Moderate,0,0
2023-08-29,35.858333333333334,57.62083333333334,9.979166666666666,3.7375000000000003,411.4583333333333,21.825,17.8,26.4,7.4,3.783333333333333,87.58333333333333,868.7708333333334,19.491666666666667,152.56160524280133,2023,8,August,1,Tuesday,0,Monsoon,35.8,102,57.0,52,102,PM2.5,Unhealthy for Sensitive Groups,1,0
2023-08-30,32.25416666666667,48.82916666666667,11.520833333333334,3.8958333333333335,463.9583333333333,22.508333333333336,18.4,27.8,4.7,2.9166666666666665,87.25,870.5166666666668,20.129166666666666,191.25048188383926,2023,8,August,2,Wednesday,0,Monsoon,32.2,94,48.0,44,94,PM2.5,Moderate,0,0
2023-08-31,36.44583333333333,54.75416666666666,12.8375,4.833333333333333,535.5833333333334,22.3875,18.9,26.7,9.0,3.0208333333333335,88.33333333333333,871.1291666666666,20.216666666666665,201.34248386788238,2023,8,August,3,Thursday,0,Monsoon,36.4,103,54.0,50,103,PM2.5,Unhealthy for Sensitive Groups,1,0
2023-09-01,34.2875,51.05833333333334,13.370833333333332,4.4375,577.1666666666666,22.941666666666666,18.8,27.1,4.5,4.091666666666667,87.04166666666667,870.4583333333334,20.5125,215.89445963670025,2023,9,September,4,Friday,0,Monsoon,34.2,98,51.0,47,98,PM2.5,Moderate,0,0
2023-09-02,31.09583333333333,46.104166666666664,11.020833333333334,3.6041666666666665,532.5833333333334,23.150000000000002,19.7,28.3,5.8,3.8166666666666664,87.58333333333333,869.4625,20.833333333333332,181.80504746794665,2023,9,September,5,Saturday,1,Monsoon,31.0,92,46.0,43,92,PM2.5,Moderate,0,0
2023-09-03,25.020833333333332,36.74166666666667,8.370833333333334,3.625,435.3333333333333,23.133333333333336,19.5,28.7,7.0,4.145833333333333,84.125,868.9958333333334,20.183333333333334,156.51153067144787,2023,9,September,6,Sunday,1,Monsoon,25.0,81,36.0,33,81,PM2.5,Moderate,0,0
2023-09-04,21.77916666666667,31.887500000000003,11.533333333333333,4.441666666666666,514.75,22.929166666666664,19.4,28.9,2.3000000000000003,3.533333333333333,81.0,869.2666666666668,19.270833333333332,151.50103399009194,2023,9,September,0,Monday,0,Monsoon,21.7,74,31.0,29,74,PM2.5,Moderate,0,0
2023-09-05,25.079166666666666,36.57083333333333,17.433333333333334,6.4750000000000005,704.2083333333334,22.895833333333332,19.6,26.3,0.30000000000000004,3.15,77.33333333333333,869.8375,18.620833333333334,177.30866484356184,2023,9,September,1,Tuesday,0,Monsoon,25.0,81,36.0,33,81,PM2.5,Moderate,0,0
2023-09-06,27.46666666666667,39.824999999999996,12.895833333333334,6.0,599.0,23.59166666666667,19.7,28.0,0.2,3.8541666666666665,73.66666666666667,870.775,18.383333333333333,151.64627524821947,2023,9,September,2,Wednesday,0,Monsoon,27.4,85,39.0,36,85,PM2.5,Moderate,0,0
2023-09-07,20.170833333333334,28.90833333333333,9.075000000000001,4.695833333333334,469.875,23.254166666666666,19.4,28.8,4.1000000000000005,3.158333333333333,80.66666666666667,870.3666666666667,19.479166666666668,186.04113515400385,2023,9,September,3,Thursday,0,Monsoon,20.1,71,28.0,26,71,PM2.5,Moderate,0,0
2023-09-08,17.654166666666665,25.166666666666668,8.866666666666667,4.1875,430.2916666666667,22.579166666666666,19.6,27.3,10.8,2.704166666666667,86.75,870.2875,20.129166666666666,128.4593433321961,2023,9,September,4,Friday,0,Monsoon,17.6,67,25.0,23,67,PM2.5,Moderate,0,0
2023-09-09,8.5625,12.129166666666668,8.725,2.9291666666666667,359.1666666666667,22.004166666666666,19.4,25.9,13.000000000000002,2.9,88.625,869.7083333333334,19.966666666666665,133.91803877838456,2023,9,September,5,Saturday,1,Monsoon,8.5,47,12.0,11,47,PM2.5,Good,0,0
2023-09-10,13.029166666666667,18.662499999999998,8.920833333333333,3.466666666666667,362.0416666666667,22.162499999999998,18.7,26.1,11.200000000000001,3.4,88.0,868.4583333333334,20.004166666666666,149.8948128847273,2023,9,September,6,Sunday,1,Monsoon,13.0,58,18.0,17,58,PM2.5,Moderate,0,0
2023-09-11,20.845833333333335,30.354166666666668,10.4375,5.258333333333334,421.7916666666667,22.641666666666666,18.7,26.4,6.9,3.3708333333333336,87.79166666666667,867.9666666666667,20.375,219.8427879758729,2023,9,September,0,Monday,0,Monsoon,20.8,73,30.0,28,73,PM2.5,Moderate,0,0
2023-09-12,29.008333333333336,43.05833333333334,11.716666666666667,5.858333333333333,456.875,22.925,19.7,26.8,3.0,2.625,86.0,868.7875,20.316666666666666,224.29175665313107,2023,9,September,1,Tuesday,0,Monsoon,29.0,88,43.0,40,88,PM2.5,Moderate,0,0
2023-09-13,24.958333333333332,36.454166666666666,13.299999999999999,5.6125,524.5,23.05,19.5,28.3,9.1,3.316666666666667,87.0,869.4708333333333,20.583333333333332,155.4055744206655,2023,9,September,2,Wednesday,0,Monsoon,24.9,80,36.0,33,80,PM2.5,Moderate,0,0
2023-09-14,18.599999999999998,26.945833333333336,11.0375,4.741666666666666,493.5,23.008333333333336,19.7,26.7,3.3000000000000003,3.379166666666667,86.125,870.5875,20.429166666666667,200.1615139703754,2023,9,September,3,Thursday,0,Monsoon,18.5,69,26.0,24,69,PM2.5,Moderate,0,0
2023-09-15,16.650000000000002,24.03333333333333,10.0875,4.3625,436.375,23.054166666666664,19.5,27.2,12.1,3.3666666666666667,86.79166666666667,871.6041666666666,20.570833333333333,126.76946915781329,2023,9,September,4,Friday,0,Monsoon,16.6,65,24.0,22,65,PM2.5,Moderate,0,0
2023-09-16,13.029166666666667,19.091666666666665,10.995833333333332,3.7458333333333336,420.25,22.72083333333333,19.4,27.8,2.9,2.779166666666667,84.625,871.4499999999999,19.816666666666666,172.69795153925418,2023,9,September,5,Saturday,1,Monsoon,13.0,58,19.0,18,58,PM2.5,Moderate,0,0
2023-09-17,18.045833333333334,26.400000000000002,14.0375,4.841666666666667,516.8333333333334,22.208333333333332,19.1,27.4,9.200000000000001,3.658333333333333,86.08333333333333,870.2125,19.675,161.80203904898596,2023,9,September,6,Sunday,1,Monsoon,18.0,68,26.0,24,68,PM2.5,Moderate,0,0
2023-09-18,17.104166666666668,24.9875,12.779166666666667,5.108333333333333,531.125,22.983333333333334,18.7,28.6,5.0,3.225,80.91666666666667,870.65,19.295833333333334,159.38324761502528,2023,9,September,0,Monday,0,Monsoon,17.1,66,24.0,22,66,PM2.5,Moderate,0,0
2023-09-19,22.84166666666667,33.045833333333334,12.983333333333334,5.625,552.75,22.454166666666666,19.0,27.3,9.7,2.408333333333333,83.70833333333333,872.1166666666667,19.395833333333332,196.46845834976256,2023,9,September,1,Tuesday,0,Monsoon,22.8,77,33.0,31,77,PM2.5,Moderate,0,0
2023-09-20,19.216666666666665,27.525000000000002,12.65,4.9750000000000005,543.3333333333334,21.829166666666666,19.0,25.8,3.2,3.0,87.04166666666667,871.5708333333333,19.462500000000002,222.1194875895616,2023,9,September,2,Wednesday,0,Monsoon,19.2,70,27.0,25,70,PM2.5,Moderate,0,0
2023-09-21,15.4,22.087500000000002,8.879166666666666,3.720833333333333,400.875,21.84166666666667,19.6,26.0,22.6,2.8708333333333336,88.20833333333333,871.5166666666668,19.695833333333333,30.426536539529437,2023,9,September,3,Thursday,0,Monsoon,15.4,63,22.0,20,63,PM2.5,Moderate,0,0
2023-09-22,9.883333333333333,14.283333333333333,8.154166666666667,3.1958333333333333,325.5833333333333,21.154166666666665,18.1,25.4,28.2,3.1625,88.5,870.9958333333334,19.075,159.76364966757842,2023,9,September,4,Friday,0,Monsoon,9.8,52,14.0,13,52,PM2.5,Moderate,0,0
2023-09-23,11.941666666666668,16.941666666666666,12.479166666666666,4.641666666666667,434.4583333333333,21.258333333333333,18.9,24.4,2.0,2.8083333333333336,88.29166666666667,870.7791666666667,19.162499999999998,131.53807794227245,2023,9,September,5,Saturday,1,Monsoon,11.9,56,16.0,15,56,PM2.5,Moderate,0,0
2023-09-24,12.929166666666667,18.416666666666668,11.133333333333333,4.745833333333334,418.5416666666667,21.054166666666667,18.3,25.0,9.2,3.2458333333333336,88.33333333333333,870.2083333333334,18.929166666666667,135.662038000931,2023,9,September,6,Sunday,1,Monsoon,12.9,58,18.0,17,58,PM2.5,Moderate,0,0
2023-09-25,12.016666666666666,17.158333333333335,9.304166666666667,2.920833333333333,354.875,20.533333333333335,17.3,25.5,14.2,3.0666666666666664,89.54166666666667,871.2875,18.625,164.90945107031465,2023,9,September,0,Monday,0,Monsoon,12.0,56,17.0,16,56,PM2.5,Moderate,0,0
2023-09-26,15.725,22.491666666666664,12.708333333333334,4.045833333333333,451.0416666666667,21.354166666666668,17.5,25.8,4.7,3.6791666666666667,87.54166666666667,871.9541666666668,19.083333333333332,165.9472744649007,2023,9,September,1,Tuesday,0,Monsoon,15.7,63,22.0,20,63,PM2.5,Moderate,0,0
2023-09-27,21.133333333333333,30.308333333333334,13.762500000000001,5.016666666666667,532.75,21.479166666666668,17.1,26.4,0.9999999999999999,3.8958333333333335,86.25,871.1541666666667,18.908333333333335,193.37408684909045,2023,9,September,2,Wednesday,0,Monsoon,21.1,73,30.0,28,73,PM2.5,Moderate,0,0
2023-09-28,18.0625,25.870833333333334,12.808333333333332,4.5,543.5416666666666,22.025000000000002,17.9,26.9,3.9000000000000004,3.8375,83.0,871.4375,18.841666666666665,183.43003004932237,2023,9,September,3,Thursday,0,Monsoon,18.0,68,25.0,23,68,PM2.5,Moderate,0,0
2023-09-29,18.245833333333334,26.170833333333334,14.208333333333334,4.779166666666667,551.9166666666666,21.945833333333336,18.3,27.8,10.799999999999999,3.8541666666666665,81.33333333333333,871.525,18.466666666666665,156.6768441283206,2023,9,September,4,Friday,0,Monsoon,18.2,68,26.0,24,68,PM2.5,Moderate,0,0
2023-09-30,16.845833333333335,24.09166666666667,13.991666666666667,5.195833333333334,512.2916666666666,22.525000000000002,18.8,27.9,1.1,3.3166666666666664,77.70833333333333,871.4458333333333,18.233333333333334,186.55631208608187,2023,9,September,5,Saturday,1,Monsoon,16.8,65,24.0,22,65,PM2.5,Moderate,0,0
2023-10-01,18.95,27.125,13.895833333333334,5.5874999999999995,547.9166666666666,22.40833333333333,19.3,26.4,0.3,3.3958333333333335,82.20833333333333,870.4,19.045833333333334,202.3777316272648,2023,10,October,6,Sunday,1,Post-Monsoon,18.9,69,27.0,25,69,PM2.5,Moderate,0,0
2023-10-02,17.341666666666665,24.858333333333334,11.345833333333333,5.604166666666667,488.6666666666667,21.1875,19.4,24.9,2.8,2.4541666666666666,84.875,871.0458333333332,18.483333333333334,170.7010386479671,2023,10,October,0,Monday,0,Post-Monsoon,17.3,66,24.0,22,66,PM2.5,Moderate,0,0
2023-10-03,13.916666666666666,19.895833333333332,9.174999999999999,3.9583333333333335,390.9166666666667,21.474999999999998,18.7,25.1,6.1000000000000005,3.545833333333334,85.54166666666667,871.4791666666666,18.8125,82.61022070476635,2023,10,October,1,Tuesday,0,Post-Monsoon,13.9,60,19.0,18,60,PM2.5,Moderate,0,0
2023-10-04,7.254166666666666,10.354166666666666,8.629166666666666,3.154166666666667,331.625,19.908333333333335,18.4,21.6,13.899999999999999,2.370833333333333,94.5,871.3125,18.979166666666668,36.78116869106864,2023,10,October,2,Wednesday,0,Post-Monsoon,7.2,40,10.0,9,40,PM2.5,Good,0,0
2023-10-05,7.945833333333333,11.341666666666667,6.958333333333333,2.775,307.2083333333333,21.391666666666666,18.4,24.8,0.1,4.766666666666667,87.25,870.4375,19.0125,295.85909232921637,2023,10,October,3,Thursday,0,Post-Monsoon,7.9,44,11.0,10,44,PM2.5,Good,0,0
2023-10-06,11.8125,16.866666666666667,10.433333333333334,3.079166666666667,387.625,20.554166666666667,17.5,24.0,2.4,3.654166666666667,91.625,870.6208333333334,19.083333333333332,242.14766501305857,2023,10,October,4,Friday,0,Post-Monsoon,11.8,56,16.0,15,56,PM2.5,Moderate,0,0
2023-10-07,14.308333333333332,20.4375,10.262500000000001,3.8166666666666664,431.9583333333333,20.283333333333335,16.4,24.5,0.8,4.033333333333333,89.95833333333333,871.6374999999999,18.4875,227.39582839162816,2023,10,October,5,Saturday,1,Post-Monsoon,14.3,61,20.0,19,61,PM2.5,Moderate,0,0
2023-10-08,26.3875,39.94583333333333,11.6625,5.083333333333333,489.4583333333333,20.041666666666668,16.2,24.1,3.1999999999999997,3.6791666666666667,90.04166666666667,871.725,18.229166666666668,200.8203459418237,2023,10,October,6,Sunday,1,Post-Monsoon,26.3,83,39.0,36,83,PM2.5,Moderate,0,0
2023-10-09,42.166666666666664,68.82916666666667,11.683333333333332,6.979166666666667,567.625,20.420833333333334,15.9,25.2,3.0,3.7083333333333335,88.16666666666667,872.3916666666668,18.191666666666666,171.28443050069185,2023,10,October,0,Monday,0,Post-Monsoon,42.1,117,68.0,57,117,PM2.5,Unhealthy for Sensitive Groups,1,0
2023-10-10,35.112500000000004,54.25,8.116666666666667,3.891666666666667,484.125,19.495833333333334,15.4,24.8,2.2,4.154166666666667,90.58333333333333,873.0166666666668,17.825,208.89522988929454,2023,10,October,1,Tuesday,0,Post-Monsoon,35.1,99,54.0,50,99,PM2.5,Moderate,0,0
2023-10-11,43.07916666666667,70.52499999999999,9.075000000000001,2.9958333333333336,482.7916666666667,19.058333333333334,15.0,23.7,1.1,3.6041666666666665,89.75,873.1541666666667,17.233333333333334,219.57294591358027,2023,10,October,2,Wednesday,0,Post-Monsoon,43.0,119,70.0,58,119,PM2.5,Unhealthy for Sensitive Groups,1,0
2023-10-12,31.787499999999998,49.67083333333333,11.325000000000001,4.4375,503.6666666666667,18.683333333333334,14.3,23.8,9.200000000000001,3.7916666666666665,88.16666666666667,874.5333333333333,16.508333333333333,165.41359635029764,2023,10,October,3,Thursday,0,Post-Monsoon,31.7,93,49.0,45,93,PM2.5,Moderate,0,0
2023-10-13,30.09166666666667,47.69166666666666,13.433333333333332,6.2250000000000005,595.7083333333334,18.525000000000002,13.9,24.2,0.6,3.7708333333333335,87.79166666666667,874.7833333333333,16.287499999999998,206.3935190340521,2023,10,October,4,Friday,0,Post-Monsoon,30.0,90,47.0,44,90,PM2.5,Moderate,0,0
2023-10-14,29.141666666666666,46.145833333333336,11.583333333333334,7.008333333333333,595.125,18.220833333333335,14.0,22.7,1.3,4.179166666666666,88.16666666666667,873.7541666666666,16.075,214.83539427768858,2023,10,October,5,Saturday,1,Post-Monsoon,29.1,88,46.0,43,88,PM2.5,Moderate,0,0
2023-10-15,31.650000000000002,48.26666666666667,12.362499999999999,6.616666666666667,625.5,17.650000000000002,12.9,22.1,1.4,3.9458333333333333,88.33333333333333,872.525,15.570833333333333,207.20352941328846,2023,10,October,6,Sunday,1,Post-Monsoon,31.6,93,48.0,44,93,PM2.5,Moderate,0,0
2023-10-16,35.55833333333333,54.55416666666667,10.4375,4.0249999999999995,579.2083333333334,17.491666666666667,14.2,22.7,2.0,4.391666666666667,87.70833333333333,874.4666666666667,15.316666666666668,179.17314835465504,2023,10,October,0,Monday,0,Post-Monsoon,35.5,101,54.0,50,101,PM2.5,Unhealthy for Sensitive Groups,1,0
2023-10-17,33.36666666666667,52.15,11.158333333333333,4.829166666666667,561.125,17.379166666666666,12.7,23.3,0.0,4.45,76.20833333333333,874.6875,12.741666666666667,180.2526501233,2023,10,October,1,Tuesday,0,Post-Monsoon,33.3,96,52.0,48,96,PM2.5,Moderate,0,0
2023-10-18,21.795833333333334,33.75,11.691666666666668,4.891666666666667,534.1666666666666,16.316666666666666,12.5,22.6,0.7999999999999999,4.170833333333333,80.58333333333333,874.4625,12.674999999999999,183.61940792360315,2023,10,October,2,Wednesday,0,Post-Monsoon,21.7,74,33.0,31,74,PM2.5,Moderate,0,0
2023-10-19,20.1875,31.27916666666667,12.375,4.504166666666666,511.7916666666667,16.470833333333335,11.8,21.7,0.6,4.3625,81.20833333333333,874.9166666666666,13.0,198.93250290494905,2023,10,October,3,Thursday,0,Post-Monsoon,20.1,71,31.0,29,71,PM2.5,Moderate,0,0
2023-10-20,22.704166666666666,35.19166666666667,12.125,4.870833333333334,544.75,16.7625,11.7,21.7,0.5,4.191666666666666,77.375,875.5500000000001,12.445833333333333,208.0637296507391,2023,10,October,4,Friday,0,Post-Monsoon,22.7,76,35.0,32,76,PM2.5,Moderate,0,0
2023-10-21,21.23333333333333,32.42916666666667,14.616666666666667,5.204166666666667,620.125,16.45,12.0,21.9,0.9,4.191666666666666,76.54166666666667,876.2708333333334,11.950000000000001,187.83583942690956,2023,10,October,5,Saturday,1,Post-Monsoon,21.2,74,32.0,30,74,PM2.5,Moderate,0,0
2023-10-22,18.05,27.575,13.895833333333334,5.0125,562.8333333333334,17.108333333333334,12.4,23.6,0.2,4.095833333333333,71.45833333333333,876.0916666666667,11.424999999999999,183.62599017933488,2023,10,October,6,Sunday,1,Post-Monsoon,18.0,68,27.0,25,68,PM2.5,Moderate,0,0
2023-10-23,15.225,22.483333333333334,13.766666666666666,5.183333333333334,544.7916666666666,17.224999999999998,11.6,23.6,0.0,4.116666666666666,69.5,874.9291666666667,11.195833333333333,198.70671911067151,2023,10,October,0,Monday,0,Post-Monsoon,15.2,62,22.0,20,62,PM2.5,Moderate,0,0
2023-10-24,16.320833333333333,23.9875,14.779166666666667,5.866666666666667,563.8333333333334,17.295833333333334,12.2,23.3,0.2,3.7875,74.04166666666667,874.5875,12.395833333333334,197.76969947266795,2023,10,October,1,Tuesday,0,Post-Monsoon,16.3,64,23.0,21,64,PM2.5,Moderate,0,0
2023-10-25,14.095833333333333,20.616666666666667,14.408333333333333,5.104166666666667,570.125,17.470833333333335,12.4,23.1,0.0,4.158333333333333,70.25,874.7624999999999,11.733333333333334,202.97044232706784,2023,10,October,2,Wednesday,0,Post-Monsoon,14.0,60,20.0,19,60,PM2.5,Moderate,0,0
2023-10-26,14.733333333333334,21.675,13.420833333333334,4.375,557.75,17.083333333333332,13.0,22.2,0.30000000000000004,4.320833333333334,69.95833333333333,874.4,11.245833333333332,200.62375490046543,2023,10,October,3,Thursday,0,Post-Monsoon,14.7,61,21.0,19,61,PM2.5,Moderate,0,0
2023-10-27,17.516666666666666,25.895833333333332,14.545833333333334,4.2,580.25,17.120833333333334,13.3,22.3,0.4,3.3874999999999997,73.08333333333333,874.3666666666667,11.887500000000001,200.35555173845637,2023,10,October,4,Friday,0,Post-Monsoon,17.5,67,25.0,23,67,PM2.5,Moderate,0,0
2023-10-28,19.954166666666666,29.2,13.283333333333333,5.379166666666666,567.5833333333334,16.404166666666665,10.9,21.3,0.5,4.325,81.58333333333333,874.6958333333333,13.012500000000001,192.3376093739777,2023,10,October,5,Saturday,1,Post-Monsoon,19.9,71,29.0,27,71,PM2.5,Moderate,0,0
2023-10-29,24.583333333333332,36.862500000000004,13.4125,6.05,619.875,17.320833333333333,10.5,23.0,0.5,3.9333333333333336,77.375,875.0791666666668,13.058333333333332,158.1242870069721,2023,10,October,6,Sunday,1,Post-Monsoon,24.5,80,36.0,33,80,PM2.5,Moderate,0,0
2023-10-30,24.895833333333332,37.762499999999996,14.316666666666668,7.0,597.625,17.908333333333335,12.6,23.7,1.3,3.779166666666667,77.125,876.1374999999999,13.5625,170.9669708887355,2023,10,October,0,Monday,0,Post-Monsoon,24.8,80,37.0,34,80,PM2.5,Moderate,0,0
2023-10-31,16.608333333333334,24.479166666666668,14.754166666666668,4.895833333333333,593.25,17.945833333333333,14.0,23.6,0.2,3.5041666666666664,77.70833333333333,877.6041666666666,13.704166666666666,174.24124904162034,2023,10,October,1,Tuesday,0,Post-Monsoon,16.6,65,24.0,22,65,PM2.5,Moderate,0,0
2023-11-01,13.2125,19.1375,13.408333333333333,4.620833333333334,552.7083333333334,17.295833333333334,10.6,22.9,0.0,3.9250000000000003,77.25,876.6999999999999,12.762500000000001,163.52233035305696,2023,11,November,2,Wednesday,0,Post-Monsoon,13.2,59,19.0,18,59,PM2.5,Moderate,0,0
2023-11-02,14.799999999999999,21.308333333333334,12.929166666666667,5.320833333333334,576.5833333333334,17.029166666666665,10.7,22.6,0.0,4.3125,81.79166666666667,874.4250000000001,13.670833333333334,181.2726869978148,2023,11,November,3,Thursday,0,Post-Monsoon,14.8,62,21.0,19,62,PM2.5,Moderate,0,0
2023-11-03,19.733333333333334,28.870833333333334,12.145833333333334,4.4875,552.2083333333334,15.862499999999999,10.8,22.5,0.4,4.741666666666666,81.875,872.7624999999999,12.487499999999999,201.32716188501283,2023,11,November,4,Friday,0,Post-Monsoon,19.7,71,28.0,26,71,PM2.5,Moderate,0,0
2023-11-04,20.1125,29.766666666666666,11.595833333333333,4.291666666666667,464.0833333333333,15.683333333333332,10.5,20.6,0.5,3.545833333333334,79.16666666666667,872.9583333333334,11.908333333333333,192.83240899051395,2023,11,November,5,Saturday,1,Post-Monsoon,20.1,71,29.0,27,71,PM2.5,Moderate,0,0
2023-11-05,28.666666666666668,43.7125,14.604166666666666,5.6499999999999995,623.3333333333334,15.862499999999999,10.6,20.5,2.1,3.6041666666666665,77.66666666666667,874.9333333333334,11.770833333333334,177.3599947928669,2023,11,November,6,Sunday,1,Post-Monsoon,28.6,87,43.0,40,87,PM2.5,Moderate,0,0
2023-11-06,34.82083333333333,54.208333333333336,14.6,6.241666666666667,694.4583333333334,15.520833333333334,11.2,20.1,0.7,3.5083333333333333,80.75,875.4708333333333,12.070833333333333,198.15881805642735,2023,11,November,0,Monday,0,Post-Monsoon,34.8,99,54.0,50,99,PM2.5,Moderate,0,0
2023-11-07,31.491666666666664,47.75833333333333,15.341666666666667,5.325,722.0833333333334,15.920833333333334,11.5,21.6,0.30000000000000004,4.4624999999999995,72.25,874.3708333333334,10.5625,175.7920616789378,2023,11,November,1,Tuesday,0,Post-Monsoon,31.4,93,47.0,44,93,PM2.5,Moderate,0,0
2023-11-08,23.72083333333333,35.5875,11.975,4.925,615.0416666666666,15.916666666666666,12.1,21.2,0.0,4.341666666666667,66.79166666666667,873.3166666666666,9.479166666666666,166.64450067814835,2023,11,November,2,Wednesday,0,Post-Monsoon,23.7,78,35.0,32,78,PM2.5,Moderate,0,0
2023-11-09,27.104166666666668,40.704166666666666,12.804166666666667,6.791666666666667,650.9166666666666,14.862499999999999,8.7,21.2,0.0,4.095833333333333,74.79166666666667,873.7416666666667,9.8125,179.95112620199077,2023,11,November,3,Thursday,0,Post-Monsoon,27.1,85,40.0,37,85,PM2.5,Moderate,0,0
2023-11-10,31.55,47.541666666666664,12.729166666666666,8.354166666666666,732.625,15.320833333333333,8.6,21.4,0.4,4.1125,78.33333333333333,875.4250000000001,11.1625,177.90834050590547,2023,11,November,4,Friday,0,Post-Monsoon,31.5,93,47.0,44,93,PM2.5,Moderate,0,0
2023-11-11,27.3,41.233333333333334,12.5375,6.604166666666667,701.6666666666666,14.487499999999999,9.0,20.4,0.0,4.391666666666667,81.91666666666667,875.6999999999999,11.229166666666666,183.3223566820413,2023,11,November,5,Saturday,1,Post-Monsoon,27.3,85,41.0,38,85,PM2.5,Moderate,0,0
2023-11-12,28.6375,44.25833333333333,16.0625,6.229166666666667,765.3333333333334,15.833333333333334,10.5,21.2,0.4,3.9625,72.83333333333333,876.5333333333333,10.7875,155.75511467605335,2023,11,November,6,Sunday,1,Post-Monsoon,28.6,87,44.0,41,87,PM2.5,Moderate,0,0
2023-11-13,27.829166666666666,42.74583333333334,16.070833333333333,6.370833333333334,767.0,16.266666666666666,10.5,22.2,0.0,4.2875000000000005,73.79166666666667,876.9333333333334,11.3125,167.48426420132014,2023,11,November,0,Monday,0,Post-Monsoon,27.8,86,42.0,39,86,PM2.5,Moderate,0,0
2023-11-14,22.191666666666666,33.516666666666666,14.054166666666667,5.554166666666667,662.0,16.133333333333333,11.1,22.0,0.0,4.258333333333334,73.58333333333333,876.3833333333333,10.979166666666666,181.8546332882904,2023,11,November,1,Tuesday,0,Post-Monsoon,22.1,75,33.0,31,75,PM2.5,Moderate,0,0
2023-11-15,20.095833333333335,29.962500000000002,13.883333333333333,5.6625000000000005,644.25,15.995833333333332,11.1,21.4,0.0,3.7916666666666665,78.54166666666667,876.5833333333334,12.045833333333334,180.86902222172273,2023,11,November,2,Wednesday,0,Post-Monsoon,20.0,71,29.0,27,71,PM2.5,Moderate,0,0
2023-11-16,16.391666666666666,23.95,13.991666666666667,5.395833333333333,646.2916666666666,15.716666666666667,11.5,21.9,0.1,4.270833333333333,77.20833333333333,877.8166666666666,11.533333333333333,180.40914057308476,2023,11,November,3,Thursday,0,Post-Monsoon,16.3,64,23.0,21,64,PM2.5,Moderate,0,0
2023-11-17,14.291666666666666,20.591666666666665,14.833333333333334,5.141666666666667,622.5,16.462500000000002,11.9,22.0,0.0,3.733333333333333,70.25,876.4791666666666,10.808333333333332,174.4271484705133,2023,11,November,4,Friday,0,Post-Monsoon,14.2,61,20.0,19,61,PM2.5,Moderate,0,0
2023-11-18,13.6625,19.599999999999998,14.1875,5.3125,595.2083333333334,14.854166666666666,8.9,19.2,0.0,4.125,81.125,875.8541666666666,11.420833333333334,193.70180002151676,2023,11,November,5,Saturday,1,Post-Monsoon,13.6,59,19.0,18,59,PM2.5,Moderate,0,0
2023-11-19,19.095833333333335,27.46666666666667,13.670833333333334,5.758333333333333,594.25,14.887500000000001,8.6,20.7,0.0,4.2875000000000005,83.625,876.1833333333334,11.916666666666666,167.15662890469466,2023,11,November,6,Sunday,1,Post-Monsoon,19.0,69,27.0,25,69,PM2.5,Moderate,0,0
2023-11-20,26.087500000000002,38.2125,12.729166666666666,5.0375000000000005,620.875,15.549999999999999,10.5,22.2,0.0,3.841666666666667,77.45833333333333,875.6291666666666,11.1625,176.68132406585283,2023,11,November,0,Monday,0,Post-Monsoon,26.0,82,38.0,35,82,PM2.5,Moderate,0,0
2023-11-21,32.475,48.6875,12.529166666666667,8.441666666666666,617.6666666666666,14.358333333333334,7.5,20.6,0.0,4.3875,86.41666666666667,872.7708333333334,11.9125,190.86074425822332,2023,11,November,1,Tuesday,0,Post-Monsoon,32.4,94,48.0,44,94,PM2.5,Moderate,0,0
2023-11-22,28.854166666666668,41.975,15.295833333333334,8.225,755.375,14.1625,7.4,20.3,0.0,4.816666666666666,80.375,872.6791666666667,10.529166666666667,162.48511871994285,2023,11,November,2,Wednesday,0,Post-Monsoon,28.8,88,41.0,38,88,PM2.5,Moderate,0,0
2023-11-23,27.125,39.233333333333334,15.791666666666666,7.2625,786.9166666666666,14.729166666666666,8.3,20.6,0.4,3.8208333333333333,80.83333333333333,873.3000000000001,11.270833333333334,162.1553001429471,2023,11,November,3,Thursday,0,Post-Monsoon,27.1,85,39.0,36,85,PM2.5,Moderate,0,0
2023-11-24,27.145833333333332,39.4125,15.2125,6.6000000000000005,767.8333333333334,14.804166666666667,9.4,20.2,0.2,3.3833333333333333,82.0,874.6208333333334,11.525,183.94729232249463,2023,11,November,4,Friday,0,Post-Monsoon,27.1,85,39.0,36,85,PM2.5,Moderate,0,0
2023-11-25,24.0,34.71666666666666,16.133333333333333,6.1000000000000005,774.2916666666666,14.220833333333333,8.7,19.8,1.7000000000000002,3.8666666666666667,82.45833333333333,876.2125,10.979166666666666,164.91255928509068,2023,11,November,5,Saturday,1,Post-Monsoon,24.0,79,34.0,31,79,PM2.5,Moderate,0,0
2023-11-26,24.808333333333334,35.6625,16.983333333333334,6.9750000000000005,835.0,15.516666666666666,8.7,21.4,0.0,4.625,78.625,876.9666666666667,11.620833333333332,168.14421575565663,2023,11,November,6,Sunday,1,Post-Monsoon,24.8,80,35.0,32,80,PM2.5,Moderate,0,0
2023-11-27,22.28333333333333,31.9375,15.700000000000001,7.629166666666666,767.7083333333334,15.6625,10.5,21.8,0.0,4.245833333333334,80.54166666666667,875.7416666666667,12.020833333333334,166.7692872802778,2023,11,November,0,Monday,0,Post-Monsoon,22.2,75,31.0,29,75,PM2.5,Moderate,0,0
2023-11-28,17.266666666666666,24.754166666666666,13.4125,6.245833333333334,569.0416666666666,15.041666666666666,10.5,20.0,0.0,3.920833333333333,79.25,874.5375,11.283333333333333,181.78332852514043,2023,11,November,1,Tuesday,0,Post-Monsoon,17.2,66,24.0,22,66,PM2.5,Moderate,0,0
2023-11-29,18.429166666666667,26.52916666666667,14.679166666666667,6.7,601.5833333333334,14.604166666666666,9.9,20.8,0.5,3.7583333333333333,80.29166666666667,874.9,10.950000000000001,185.49804996410103,2023,11,November,2,Wednesday,0,Post-Monsoon,18.4,68,26.0,24,68,PM2.5,Moderate,0,0
2023-11-30,26.929166666666664,39.05416666666667,15.304166666666667,6.95,751.9166666666666,13.466666666666667,8.9,18.1,0.0,3.8791666666666664,81.29166666666667,875.1374999999999,10.191666666666666,153.02974034950608,2023,11,November,3,Thursday,0,Post-Monsoon,26.9,84,39.0,36,84,PM2.5,Moderate,0,0
2023-12-01,28.204166666666666,41.0375,14.525,7.75,760.125,14.4375,9.2,20.7,0.1,4.054166666666666,76.41666666666667,874.7166666666667,10.025,171.9416083355195,2023,12,December,4,Friday,0,Winter,28.2,87,41.0,38,87,PM2.5,Moderate,0,0
2023-12-02,20.650000000000002,29.675,13.529166666666667,6.5625,717.125,14.379166666666668,9.2,20.3,0.0,4.166666666666667,65.66666666666667,875.0333333333333,7.7,187.4005434857856,2023,12,December,5,Saturday,1,Winter,20.6,72,29.0,27,72,PM2.5,Moderate,0,0
2023-12-03,18.066666666666666,25.849999999999998,15.591666666666667,6.4750000000000005,851.8333333333334,14.870833333333332,10.3,21.2,0.0,4.070833333333334,53.916666666666664,874.6458333333334,5.4125000000000005,179.15125107816576,2023,12,December,6,Sunday,1,Winter,18.0,68,25.0,23,68,PM2.5,Moderate,0,0
2023-12-04,22.2375,31.854166666666668,19.591666666666665,8.454166666666667,947.25,13.629166666666668,8.5,18.7,0.0,4.1125,56.583333333333336,873.9375,5.016666666666667,161.06362597767765,2023,12,December,0,Monday,0,Winter,22.2,75,31.0,29,75,PM2.5,Moderate,0,0
2023-12-05,30.258333333333336,43.98333333333333,15.320833333333333,7.008333333333333,824.6666666666666,15.779166666666667,10.7,21.6,0.0,3.8041666666666667,62.666666666666664,873.6916666666666,8.366666666666667,170.4916245618314,2023,12,December,1,Tuesday,0,Winter,30.2,90,43.0,40,90,PM2.5,Moderate,0,0
2023-12-06,39.90416666666666,57.82916666666667,14.233333333333334,9.520833333333334,770.625,13.970833333333333,7.9,19.9,0.0,4.516666666666667,75.04166666666667,874.4708333333333,9.0625,183.88465762015264,2023,12,December,2,Wednesday,0,Winter,39.9,112,57.0,52,112,PM2.5,Unhealthy for Sensitive Groups,1,0
2023-12-07,51.12916666666666,73.55416666666666,14.954166666666666,8.591666666666667,872.2916666666666,13.262500000000001,8.3,17.5,2.1,2.575,83.20833333333333,873.0291666666667,10.308333333333334,181.66224525915393,2023,12,December,3,Thursday,0,Winter,51.1,139,73.0,60,139,PM2.5,Unhealthy for Sensitive Groups,1,0
2023-12-08,36.887499999999996,53.02916666666667,11.204166666666666,5.729166666666667,751.7083333333334,12.433333333333332,8.4,17.5,0.0,4.141666666666667,81.41666666666667,871.6291666666666,9.195833333333333,162.02228747180826,2023,12,December,4,Friday,0,Winter,36.8,104,53.0,49,104,PM2.5,Unhealthy for Sensitive Groups,1,0
2023-12-09,33.85,48.604166666666664,11.65,7.104166666666667,713.0,12.0875,6.7,17.6,0.0,4.7875,80.83333333333333,871.1791666666667,8.595833333333333,166.21556946006498,2023,12,December,5,Saturday,1,Winter,33.8,97,48.0,44,97,PM2.5,Moderate,0,0
2023-12-10,32.829166666666666,47.1,13.233333333333334,9.041666666666666,865.4166666666666,12.720833333333333,6.0,17.6,0.0,3.529166666666667,81.70833333333333,870.8208333333333,9.4125,151.2161046995246,2023,12,December,6,Sunday,1,Winter,32.8,95,47.0,44,95,PM2.5,Moderate,0,0
2023-12-11,39.30416666666667,56.425000000000004,10.904166666666667,9.566666666666666,791.25,11.733333333333334,5.3,17.3,0.4,3.7416666666666667,85.45833333333333,872.1625,9.125,176.79134165135272,2023,12,December,0,Monday,0,Winter,39.3,110,56.0,51,110,PM2.5,Unhealthy for Sensitive Groups,1,0
2023-12-12,30.75,44.25833333333333,11.3375,8.766666666666667,681.2916666666666,11.358333333333334,5.3,17.6,2.6,3.0541666666666667,78.08333333333333,871.0124999999999,7.1000000000000005,168.71733391267665,2023,12,December,1,Tuesday,0,Winter,30.7,91,44.0,41,91,PM2.5,Moderate,0,0
2023-12-13,27.541666666666668,39.0,10.958333333333334,7.425,678.75,10.670833333333334,5.9,15.1,0.4,4.9125,77.125,871.3000000000001,6.566666666666666,209.11351535517065,2023,12,December,2,Wednesday,0,Winter,27.5,85,39.0,36,85,PM2.5,Moderate,0,0
2023-12-14,30.55,46.44166666666666,13.866666666666667,8.679166666666667,817.5833333333334,11.383333333333333,5.7,17.4,0.0,4.425,73.45833333333333,873.0208333333334,6.366666666666667,175.5849689411714,2023,12,December,3,Thursday,0,Winter,30.5,91,46.0,43,91,PM2.5,Moderate,0,0
2023-12-15,37.987500000000004,60.99583333333334,14.158333333333333,12.416666666666666,845.7916666666666,10.958333333333334,4.8,16.7,0.0,3.8083333333333336,80.04166666666667,873.5833333333334,7.416666666666667,165.23987224189617,2023,12,December,4,Friday,0,Winter,37.9,107,60.0,53,107,PM2.5,Unhealthy for Sensitive Groups,1,0
2023-12-16,39.104166666666664,56.88333333333333,13.458333333333334,13.270833333333334,850.25,11.204166666666666,5.5,17.9,0.0,4.091666666666667,80.25,872.4708333333333,7.591666666666666,183.0892208433783,2023,12,December,5,Saturday,1,Winter,39.1,110,56.0,51,110,PM2.5,Unhealthy for Sensitive Groups,1,0
2023-12-17,35.4125,51.21666666666667,11.716666666666667,10.633333333333333,742.5416666666666,11.770833333333334,6.5,17.9,0.0,3.6458333333333335,74.08333333333333,873.2624999999999,7.008333333333333,198.37491941555334,2023,12,December,6,Sunday,1,Winter,35.4,100,51.0,47,100,PM2.5,Moderate,0,0
2023-12-18,33.608333333333334,48.67916666666667,13.854166666666666,12.137500000000001,891.5416666666666,10.791666666666666,3.9,17.7,0.0,4.041666666666667,78.33333333333333,873.3208333333333,6.858333333333333,177.47641312325536,2023,12,December,0,Monday,0,Winter,33.6,97,48.0,44,97,PM2.5,Moderate,0,0
2023-12-19,35.07083333333333,50.5875,15.066666666666668,13.216666666666667,939.7083333333334,10.716666666666667,4.1,16.8,0.0,3.8541666666666665,73.58333333333333,874.4083333333333,5.8625,180.7840369142456,2023,12,December,1,Tuesday,0,Winter,35.0,99,50.0,46,99,PM2.5,Moderate,0,0
2023-12-20,34.550000000000004,49.8125,17.504166666666666,9.804166666666667,1025.3333333333333,12.520833333333334,6.6,18.7,0.0,3.658333333333333,69.25,874.6458333333334,6.7749999999999995,157.4817702906458,2023,12,December,2,Wednesday,0,Winter,34.5,98,49.0,45,98,PM2.5,Moderate,0,0
2023-12-21,30.145833333333332,43.479166666666664,18.462500000000002,9.233333333333333,1020.0,13.383333333333333,9.1,19.8,0.0,3.7083333333333335,62.375,874.1541666666667,5.933333333333334,166.9676576462257,2023,12,December,3,Thursday,0,Winter,30.1,90,43.0,40,90,PM2.5,Moderate,0,0
2023-12-22,28.358333333333334,40.7375,18.258333333333333,9.454166666666667,941.75,12.866666666666667,7.8,18.6,0.0,3.9958333333333336,71.04166666666667,874.8625000000001,7.504166666666666,173.72062335217336,2023,12,December,4,Friday,0,Winter,28.3,87,40.0,37,87,PM2.5,Moderate,0,0
2023-12-23,24.195833333333336,34.65416666666667,15.887500000000001,8.345833333333333,769.9166666666666,12.566666666666668,8.9,17.6,0.3,3.475,68.375,877.0,6.683333333333334,168.23062655269229,2023,12,December,5,Saturday,1,Winter,24.1,79,34.0,31,79,PM2.5,Moderate,0,0
2023-12-24,27.108333333333334,38.77916666666667,17.037499999999998,8.299999999999999,884.375,12.395833333333334,8.1,18.4,0.0,4.366666666666666,63.541666666666664,876.5875,5.2375,171.82032661468398,2023,12,December,6,Sunday,1,Winter,27.1,85,38.0,35,85,PM2.5,Moderate,0,0
2023-12-25,26.508333333333336,38.00416666666667,16.433333333333334,9.575000000000001,879.25,12.154166666666667,7.0,17.9,0.0,4.304166666666666,67.0,875.4,5.925,158.7369021735017,2023,12,December,0,Monday,0,Winter,26.5,83,38.0,35,83,PM2.5,Moderate,0,0
2023-12-26,30.791666666666668,44.145833333333336,18.266666666666666,10.625,952.4166666666666,12.25,6.7,18.9,0.0,4.095833333333333,72.25,876.0708333333333,7.075,160.87914317082289,2023,12,December,1,Tuesday,0,Winter,30.7,91,44.0,41,91,PM2.5,Moderate,0,0
2023-12-27,32.49583333333333,46.62916666666666,17.904166666666665,10.508333333333333,995.7916666666666,12.429166666666667,6.5,18.4,0.0,3.6666666666666665,76.83333333333333,876.0291666666667,8.158333333333333,177.65711629935024,2023,12,December,2,Wednesday,0,Winter,32.4,94,46.0,43,94,PM2.5,Moderate,0,0
2023-12-28,30.84583333333333,44.49166666666667,16.7625,8.270833333333334,933.9583333333334,11.770833333333334,7.0,16.7,0.0,3.7583333333333333,77.83333333333333,875.5124999999999,7.791666666666667,142.64807717159204,2023,12,December,3,Thursday,0,Winter,30.8,91,44.0,41,91,PM2.5,Moderate,0,0
2023-12-29,36.5,52.895833333333336,18.8,10.0,1032.5416666666667,12.595833333333333,8.1,18.6,0.0,3.725,70.66666666666667,875.4958333333334,7.116666666666667,149.7334820072309,2023,12,December,4,Friday,0,Winter,36.5,103,52.0,48,103,PM2.5,Unhealthy for Sensitive Groups,1,0
2023-12-30,33.520833333333336,48.3125,18.320833333333333,8.950000000000001,1078.0833333333333,12.633333333333333,7.8,18.5,0.1,4.325,74.54166666666667,874.1625,7.9125000000000005,171.85870393421442,2023,12,December,5,Saturday,1,Winter,33.5,96,48.0,44,96,PM2.5,Moderate,0,0
2023-12-31,31.287499999999998,45.1625,15.445833333333333,8.174999999999999,936.125,12.066666666666668,6.9,18.3,0.0,3.7291666666666665,76.625,873.7375000000001,7.795833333333333,176.6816003591682,2023,12,December,6,Sunday,1,Winter,31.2,92,45.0,42,92,PM2.5,Moderate,0,0
2024-01-01,32.15416666666667,46.35,14.491666666666667,8.65,903.0416666666666,10.75,3.9,17.2,0.0,4.354166666666667,79.75,872.5458333333332,6.995833333333334,176.62166013604872,2024,1,January,0,Monday,0,Winter,32.1,94,46.0,43,94,PM2.5,Moderate,0,0
2024-01-02,32.324999999999996,46.666666666666664,15.0625,9.129166666666666,916.8333333333334,10.366666666666667,3.4,17.1,0.1,4.7124999999999995,78.375,872.3041666666667,6.3125,201.11401078639736,2024,1,January,1,Tuesday,0,Winter,32.3,94,46.0,43,94,PM2.5,Moderate,0,0
2024-01-03,36.449999999999996,52.75,15.595833333333333,9.595833333333333,939.25,10.495833333333334,3.4,16.6,0.0,3.9499999999999997,74.54166666666667,872.35,5.8125,183.5390416052871,2024,1,January,2,Wednesday,0,Winter,36.4,103,52.0,48,103,PM2.5,Unhealthy for Sensitive Groups,1,0
2024-01-04,33.13333333333333,47.887499999999996,16.0,10.054166666666667,983.0833333333334,10.929166666666667,6.4,16.8,0.2,3.4625,63.625,872.4833333333332,4.0375000000000005,178.551022613908,2024,1,January,3,Thursday,0,Winter,33.1,96,47.0,44,96,PM2.5,Moderate,0,0
2024-01-05,35.104166666666664,51.5375,16.3875,9.9625,1047.6666666666667,10.733333333333334,6.3,17.5,0.0,4.6625000000000005,68.125,873.3125,4.6000000000000005,159.7197864657999,2024,1,January,4,Friday,0,Winter,35.1,99,51.0,47,99,PM2.5,Moderate,0,0
2024-01-06,38.225,56.50833333333333,18.404166666666665,9.191666666666666,1118.8333333333333,10.916666666666666,5.8,16.5,0.0,4.208333333333333,67.20833333333333,873.7875,4.695833333333334,194.79574106319126,2024,1,January,5,Saturday,1,Winter,38.2,108,56.0,51,108,PM2.5,Unhealthy for Sensitive Groups,1,0
2024-01-07,47.237500000000004,70.06666666666666,17.520833333333332,10.191666666666666,1086.5833333333333,10.608333333333333,4.3,16.9,0.0,4.5375000000000005,71.29166666666667,873.9291666666667,4.9875,182.01297651735246,2024,1,January,6,Sunday,1,Winter,47.2,130,70.0,58,130,PM2.5,Unhealthy for Sensitive Groups,1,0
2024-01-08,50.39166666666667,73.79166666666667,17.166666666666668,9.920833333333333,1100.1666666666667,10.954166666666666,4.5,16.6,0.0,4.283333333333333,66.5,873.9041666666667,4.554166666666666,156.5958460250179,2024,1,January,0,Monday,0,Winter,50.3,137,73.0,60,137,PM2.5,Unhealthy for Sensitive Groups,1,0
2024-01-09,39.6625,57.80416666666667,17.995833333333334,10.458333333333334,1145.9166666666667,11.216666666666667,6.8,17.5,0.0,4.216666666666667,62.875,872.3249999999999,4.045833333333333,177.06785090300167,2024,1,January,1,Tuesday,0,Winter,39.6,111,57.0,52,111,PM2.5,Unhealthy for Sensitive Groups,1,0
2024-01-10,32.94166666666667,47.775,17.154166666666665,9.679166666666667,1080.1666666666667,10.954166666666666,4.9,18.1,0.0,3.8083333333333336,62.666666666666664,870.775,3.470833333333333,189.3086903428787,2024,1,January,2,Wednesday,0,Winter,32.9,95,47.0,44,95,PM2.5,Moderate,0,0
2024-01-11,49.32083333333333,71.7,14.275,8.941666666666666,878.25,9.950000000000001,4.1,16.6,0.0,4.508333333333334,68.66666666666667,871.8666666666667,3.954166666666667,159.620103052197,2024,1,January,3,Thursday,0,Winter,49.3,135,71.0,59,135,PM2.5,Unhealthy for Sensitive Groups,1,0
2024-01-12,44.80416666666667,65.3625,17.733333333333334,12.495833333333332,1081.6666666666667,11.179166666666667,4.5,18.3,0.0,4.666666666666667,72.45833333333333,872.0208333333334,5.991666666666667,150.92402913338535,2024,1,January,4,Friday,0,Winter,44.8,124,65.0,56,124,PM2.5,Unhealthy for Sensitive Groups,1,0
2024-01-13,38.50416666666667,55.791666666666664,19.375,11.958333333333334,1240.0416666666667,12.616666666666667,6.1,19.9,0.0,4.329166666666667,66.70833333333333,872.3625000000001,6.058333333333334,152.38244785660092,2024,1,January,5,Saturday,1,Winter,38.5,108,55.0,51,108,PM2.5,Unhealthy for Sensitive Groups,1,0
2024-01-14,37.645833333333336,54.24583333333334,19.329166666666666,11.041666666666666,1256.3333333333333,12.450000000000001,6.0,19.0,0.0,3.85,64.29166666666667,872.4250000000001,5.375,180.1565344599872,2024,1,January,6,Sunday,1,Winter,37.6,106,54.0,50,106,PM2.5,Unhealthy for Sensitive Groups,1,0
2024-01-15,34.045833333333334,48.9125,18.787499999999998,9.3125,1085.25,12.0,7.7,18.4,0.1,4.0125,63.916666666666664,871.625,4.9875,191.47590421713113,2024,1,January,0,Monday,0,Winter,34.0,97,48.0,44,97,PM2.5,Moderate,0,0
2024-01-16,36.833333333333336,52.93333333333334,18.066666666666666,10.237499999999999,1071.75,10.108333333333333,5.6,15.8,0.6000000000000001,4.520833333333333,75.16666666666667,870.6625,5.449999999999999,163.95133659506428,2024,1,January,1,Tuesday,0,Winter,36.8,104,52.0,48,104,PM2.5,Unhealthy for Sensitive Groups,1,0
2024-01-17,39.858333333333334,57.30416666666667,16.645833333333332,10.695833333333333,1025.2083333333333,8.720833333333333,2.6,14.6,1.0,3.75,82.16666666666667,870.2833333333333,5.4750000000000005,175.39086945603708,2024,1,January,2,Wednesday,0,Winter,39.8,112,57.0,52,112,PM2.5,Unhealthy for Sensitive Groups,1,0
2024-01-18,36.104166666666664,52.17083333333333,12.591666666666667,7.875,814.625,8.629166666666666,2.5,14.7,0.0,4.045833333333333,81.625,870.6833333333334,5.341666666666666,182.15407596913965,2024,1,January,3,Thursday,0,Winter,36.1,102,52.0,48,102,PM2.5,Unhealthy for Sensitive Groups,1,0
2024-01-19,44.1,65.54583333333333,16.099999999999998,11.4125,975.4583333333334,8.745833333333334,2.6,15.2,0.0,5.1375,79.16666666666667,871.8625000000001,4.833333333333333,168.51001316300912,2024,1,January,4,Friday,0,Winter,44.1,122,65.0,56,122,PM2.5,Unhealthy for Sensitive Groups,1,0
2024-01-20,41.0,61.15833333333333,16.2375,9.125,1010.6666666666666,9.141666666666667,1.9,16.4,0.0,4.254166666666666,67.875,871.2083333333334,2.9625,186.2052453813468,2024,1,January,5,Saturday,1,Winter,41.0,115,61.0,54,115,PM2.5,Unhealthy for Sensitive Groups,1,0
2024-01-21,40.545833333333334,59.62083333333333,16.5125,9.070833333333333,1011.1666666666666,8.966666666666667,4.9,15.2,0.0,5.108333333333333,60.208333333333336,870.5749999999999,0.9750000000000001,184.12636586653275,2024,1,January,6,Sunday,1,Winter,40.5,113,59.0,53,113,PM2.5,Unhealthy for Sensitive Groups,1,0
2024-01-22,37.7875,55.07916666666667,14.741666666666667,9.262500000000001,888.9583333333334,9.679166666666667,4.9,16.2,0.0,4.3500000000000005,61.041666666666664,873.0958333333333,1.9333333333333333,171.97079802456406,2024,1,January,0,Monday,0,Winter,37.7,106,55.0,51,106,PM2.5,Unhealthy for Sensitive Groups,1,0
2024-01-23,36.32083333333333,53.63333333333333,16.425,8.508333333333333,936.0833333333334,9.770833333333334,4.4,16.1,0.8,3.3708333333333336,67.625,871.6125000000001,3.5749999999999997,185.26455157899403,2024,1,January,1,Tuesday,0,Winter,36.3,103,53.0,49,103,PM2.5,Unhealthy for Sensitive Groups,1,0
2024-01-24,39.275,58.49583333333334,13.079166666666666,8.166666666666666,787.75,8.966666666666667,4.6,14.5,1.9,3.391666666666667,73.95833333333333,872.3041666666667,4.108333333333333,159.5467091362424,2024,1,January,2,Wednesday,0,Winter,39.2,110,58.0,52,110,PM2.5,Unhealthy for Sensitive Groups,1,0
2024-01-25,36.833333333333336,54.291666666666664,13.166666666666666,8.604166666666666,821.875,9.35,4.4,14.7,0.4,4.245833333333334,68.375,873.9958333333334,3.4416666666666664,173.2133356304887,2024,1,January,3,Thursday,0,Winter,36.8,104,54.0,50,104,PM2.5,Unhealthy for Sensitive Groups,1,0
2024-01-26,31.883333333333336,46.395833333333336,13.204166666666666,7.108333333333333,910.0416666666666,9.1,5.1,15.4,0.0,5.208333333333333,56.791666666666664,873.8708333333334,0.5375,191.29372786178226,2024,1,January,4,Friday,0,Winter,31.8,93,46.0,43,93,PM2.5,Moderate,0,0
2024-01-27,40.9,62.375,9.920833333333333,10.483333333333333,827.875,9.3375,3.7,16.9,0.0,4.6499999999999995,64.75,872.8333333333334,2.275,178.09742987814744,2024,1,January,5,Saturday,1,Winter,40.9,114,62.0,54,114,PM2.5,Unhealthy for Sensitive Groups,1,0
2024-01-28,44.395833333333336,67.675,11.979166666666666,11.854166666666666,824.6666666666666,10.012500000000001,3.1,16.9,0.0,4.2625,65.95833333333333,873.9708333333333,3.5208333333333335,162.72825290086175,2024,1,January,6,Sunday,1,Winter,44.3,123,67.0,57,123,PM2.5,Unhealthy for Sensitive Groups,1,0
2024-01-29,43.77916666666667,66.79583333333333,14.9,10.025,941.0,10.829166666666666,4.8,17.1,0.0,3.8208333333333333,66.08333333333333,872.8208333333333,4.241666666666666,185.85541439557343,2024,1,January,0,Monday,0,Winter,43.7,121,66.0,56,121,PM2.5,Unhealthy for Sensitive Groups,1,0
2024-01-30,51.425000000000004,78.50833333333334,14.208333333333334,10.583333333333334,973.7916666666666,9.625,5.6,14.8,2.5,3.5875,78.625,872.2666666666668,5.7375,183.77941857380893,2024,1,January,1,Tuesday,0,Winter,51.4,140,78.0,62,140,PM2.5,Unhealthy for Sensitive Groups,1,0
2024-01-31,55.57083333333333,84.88333333333334,11.945833333333333,11.004166666666668,949.625,10.320833333333335,5.7,16.5,0.2,4.3999999999999995,77.375,872.3541666666666,6.029166666666666,174.0407888633125,2024,1,January,2,Wednesday,0,Winter,55.5,151,84.0,65,151,PM2.5,Unhealthy,1,1
2024-02-01,64.58333333333333,97.59166666666665,16.116666666666667,11.591666666666667,1102.625,9.15,3.5,15.0,0.0,4.654166666666667,77.83333333333333,872.5625,5.254166666666666,174.70811984905376,2024,2,February,3,Thursday,0,Winter,64.5,157,97.0,72,157,PM2.5,Unhealthy,1,1
2024-02-02,36.63333333333333,55.9,10.920833333333334,7.395833333333333,802.9583333333334,10.041666666666666,5.9,16.5,0.0,5.0125,65.41666666666667,870.0500000000001,3.158333333333333,217.40739615823523,2024,2,February,4,Friday,0,Winter,36.6,104,55.0,51,104,PM2.5,Unhealthy for Sensitive Groups,1,0
2024-02-03,29.854166666666668,43.824999999999996,11.495833333333332,7.4375,778.375,10.779166666666667,4.7,17.3,0.0,5.666666666666667,71.25,870.2833333333333,4.933333333333334,178.9861333728545,2024,2,February,5,Saturday,1,Winter,29.8,90,43.0,40,90,PM2.5,Moderate,0,0
2024-02-04,50.49166666666667,73.24166666666666,14.704166666666666,10.15,931.625,9.416666666666666,4.7,15.5,1.9,4.7749999999999995,89.45833333333333,872.7833333333333,7.554166666666667,153.8929535443183,2024,2,February,6,Sunday,1,Winter,50.4,138,73.0,60,138,PM2.5,Unhealthy for Sensitive Groups,1,0
2024-02-05,38.358333333333334,57.02916666666667,11.6625,6.341666666666666,893.7916666666666,10.154166666666667,3.4,17.0,0.0,5.233333333333333,77.625,871.9250000000001,5.766666666666667,199.31094382471878,2024,2,February,0,Monday,0,Winter,38.3,108,57.0,52,108,PM2.5,Unhealthy for Sensitive Groups,1,0
2024-02-06,26.770833333333332,39.612500000000004,10.529166666666667,5.858333333333333,824.75,9.737499999999999,3.0,17.9,0.0,4.554166666666666,68.33333333333333,871.1125000000001,2.975,203.26780739263987,2024,2,February,1,Tuesday,0,Winter,26.7,84,39.0,36,84,PM2.5,Moderate,0,0
2024-02-07,25.2,36.237500000000004,10.229166666666666,5.7250000000000005,727.3333333333334,10.541666666666666,3.4,18.2,0.0,5.0,66.375,870.2125,3.420833333333333,209.8494878243152,2024,2,February,2,Wednesday,0,Winter,25.2,81,36.0,33,81,PM2.5,Moderate,0,0
2024-02-08,30.933333333333334,44.65833333333333,8.641666666666667,7.095833333333334,638.1666666666666,10.395833333333334,3.7,17.2,0.0,5.25,67.95833333333333,870.2458333333334,3.8708333333333336,210.8053338165145,2024,2,February,3,Thursday,0,Winter,30.9,92,44.0,41,92,PM2.5,Moderate,0,0
2024-02-09,44.38333333333333,63.88333333333333,9.262500000000001,9.025,617.75,10.491666666666667,3.4,16.8,0.0,4.6499999999999995,74.08333333333333,874.7624999999999,5.695833333333333,131.61483922027503,2024,2,February,4,Friday,0,Winter,44.3,123,63.0,55,123,PM2.5,Unhealthy for Sensitive Groups,1,0
2024-02-10,34.829166666666666,50.225,13.875,6.9875,920.7916666666666,12.8375,5.8,19.7,0.0,3.5708333333333333,60.666666666666664,876.1416666666668,4.7375,189.20765872032248,2024,2,February,5,Saturday,1,Winter,34.8,99,50.0,46,99,PM2.5,Moderate,0,0
2024-02-11,28.525000000000002,41.025,11.229166666666666,6.033333333333334,692.1666666666666,13.120833333333332,6.7,20.4,1.1,4.016666666666667,56.916666666666664,876.5791666666668,3.891666666666667,167.11495621900147,2024,2,February,6,Sunday,1,Winter,28.5,87,41.0,38,87,PM2.5,Moderate,0,0
2024-02-12,27.866666666666664,39.96666666666667,12.387500000000001,6.354166666666667,731.5,14.004166666666668,8.1,20.2,0.0,4.354166666666667,56.916666666666664,876.725,4.8374999999999995,176.04127547041801,2024,2,February,0,Monday,0,Winter,27.8,86,39.0,36,86,PM2.5,Moderate,0,0
2024-02-13,33.69583333333333,48.225,12.108333333333334,7.170833333333333,778.0416666666666,13.670833333333334,8.5,19.8,0.0,3.6208333333333336,51.958333333333336,875.7083333333334,3.2291666666666665,178.16725612990368,2024,2,February,1,Tuesday,0,Winter,33.6,97,48.0,44,97,PM2.5,Moderate,0,0
2024-02-14,47.59166666666667,68.95833333333333,13.854166666666666,9.1875,854.6666666666666,12.183333333333332,7.8,18.5,0.2,3.3874999999999997,55.958333333333336,874.4833333333332,3.0,165.45459671806623,2024,2,February,2,Wednesday,0,Winter,47.5,131,68.0,57,131,PM2.5,Unhealthy for Sensitive Groups,1,0
2024-02-15,44.354166666666664,66.32083333333334,12.570833333333333,10.195833333333333,886.875,13.329166666666666,8.2,19.6,0.0,4.616666666666666,53.958333333333336,875.7624999999999,3.75,154.55844084561244,2024,2,February,3,Thursday,0,Winter,44.3,123,66.0,56,123,PM2.5,Unhealthy for Sensitive Groups,1,0
2024-02-16,36.94166666666667,54.48333333333333,11.570833333333333,9.570833333333333,880.75,13.758333333333333,8.7,20.1,0.0,4.633333333333334,62.875,875.0124999999999,6.183333333333334,197.11274631417388,2024,2,February,4,Friday,0,Winter,36.9,104,54.0,50,104,PM2.5,Unhealthy for Sensitive Groups,1,0
2024-02-17,34.03333333333333,49.98333333333333,8.7125,8.65,667.5833333333334,13.65,8.0,20.3,0.0,4.1875,68.0,871.2458333333334,7.383333333333333,198.36185686433424,2024,2,February,5,Saturday,1,Winter,34.0,97,49.0,45,97,PM2.5,Moderate,0,0
2024-02-18,35.979166666666664,52.387499999999996,9.170833333333333,10.954166666666666,663.5833333333334,13.783333333333333,7.6,21.1,0.0,4.7,66.79166666666667,871.8666666666667,7.05,210.00726179072964,2024,2,February,6,Sunday,1,Winter,35.9,102,52.0,48,102,PM2.5,Unhealthy for Sensitive Groups,1,0
2024-02-19,44.92083333333333,65.23333333333333,10.329166666666667,13.866666666666667,779.7083333333334,14.145833333333334,7.8,20.0,0.0,4.995833333333334,62.541666666666664,872.5375,6.720833333333334,172.11233498962986,2024,2,February,0,Monday,0,Winter,44.9,124,65.0,56,124,PM2.5,Unhealthy for Sensitive Groups,1,0
2024-02-20,22.9875,35.916666666666664,8.570833333333333,7.716666666666666,657.4583333333334,14.600000000000001,10.4,21.1,0.6,5.116666666666666,60.0,870.7208333333333,6.166666666666667,197.03535315214418,2024,2,February,1,Tuesday,0,Winter,22.9,77,35.0,32,77,PM2.5,Moderate,0,0
2024-02-21,23.599999999999998,42.458333333333336,8.808333333333334,5.079166666666667,505.5416666666667,12.883333333333333,7.4,19.2,1.0,5.183333333333334,68.16666666666667,868.7458333333334,6.383333333333333,217.11363012985422,2024,2,February,2,Wednesday,0,Winter,23.5,78,42.0,39,78,PM2.5,Moderate,0,0
2024-02-22,27.275000000000002,45.65833333333333,8.758333333333333,4.95,478.7916666666667,11.225,5.1,18.0,2.5,5.420833333333333,68.0,869.5500000000001,4.45,214.1636753480075,2024,2,February,3,Thursday,0,Winter,27.2,85,45.0,42,85,PM2.5,Moderate,0,0
2024-02-23,25.78333333333333,41.2125,9.604166666666666,4.9624999999999995,528.75,11.233333333333334,4.4,17.7,0.0,4.658333333333333,50.666666666666664,870.6625,0.19166666666666668,210.89557734920456,2024,2,February,4,Friday,0,Winter,25.7,82,41.0,38,82,PM2.5,Moderate,0,0
2024-02-24,23.208333333333332,35.90833333333334,8.433333333333334,5.179166666666666,477.2083333333333,11.208333333333334,6.6,17.5,0.0,3.6374999999999997,51.791666666666664,872.4375,0.85,174.9172081888016,2024,2,February,5,Saturday,1,Winter,23.2,77,35.0,32,77,PM2.5,Moderate,0,0
2024-02-25,26.295833333333334,39.791666666666664,8.8375,5.933333333333334,511.2916666666667,11.8375,4.8,18.7,0.0,4.691666666666666,48.5,873.3208333333333,0.020833333333333388,192.78689081106438,2024,2,February,6,Sunday,1,Winter,26.2,83,39.0,36,83,PM2.5,Moderate,0,0
2024-02-26,25.599999999999998,38.108333333333334,9.525,5.633333333333333,553.0,13.612499999999999,6.9,19.5,0.0,4.533333333333333,45.625,874.2083333333334,1.2874999999999999,178.86820652881667,2024,2,February,0,Monday,0,Winter,25.5,82,38.0,35,82,PM2.5,Moderate,0,0
2024-02-27,24.5,35.725,9.779166666666667,4.820833333333334,584.6666666666666,14.237499999999999,8.9,20.9,0.0,5.0125,49.333333333333336,872.7291666666666,3.1750000000000003,195.70803718492988,2024,2,February,1,Tuesday,0,Winter,24.5,80,35.0,32,80,PM2.5,Moderate,0,0
2024-02-28,23.308333333333334,38.35,7.729166666666667,4.954166666666667,522.125,14.458333333333334,6.9,21.5,0.0,5.908333333333334,55.791666666666664,870.5958333333333,4.704166666666667,217.62808775576414,2024,2,February,2,Wednesday,0,Winter,23.3,77,38.0,35,77,PM2.5,Moderate,0,0
2024-02-29,24.420833333333334,37.99166666666667,8.095833333333333,5.904166666666666,506.0416666666667,14.799999999999999,6.3,22.2,0.0,4.2124999999999995,62.375,871.9083333333333,6.8374999999999995,202.99553405283072,2024,2,February,3,Thursday,0,Winter,24.4,80,37.0,34,80,PM2.5,Moderate,0,0
2024-03-01,30.054166666666664,44.09583333333333,9.0375,7.733333333333333,595.4583333333334,15.033333333333333,9.1,22.2,0.0,5.091666666666667,67.20833333333333,873.2624999999999,8.208333333333334,161.15769986482442,2024,3,March,4,Friday,0,Pre-Monsoon,30.0,90,44.0,41,90,PM2.5,Moderate,0,0
2024-03-02,33.891666666666666,49.54583333333333,8.183333333333334,7.05,584.9583333333334,15.512500000000001,9.0,22.8,0.7999999999999999,5.204166666666667,71.625,873.2458333333334,9.758333333333335,192.79637905068066,2024,3,March,5,Saturday,1,Pre-Monsoon,33.8,97,49.0,45,97,PM2.5,Moderate,0,0
2024-03-03,26.75,42.975,9.583333333333334,4.616666666666666,471.375,13.2125,9.6,17.6,5.2,4.166666666666667,83.20833333333333,872.1750000000001,10.200000000000001,138.84105827700867,2024,3,March,6,Sunday,1,Pre-Monsoon,26.7,84,42.0,39,84,PM2.5,Moderate,0,0
2024-03-04,18.020833333333332,29.075,6.995833333333334,3.5833333333333335,357.375,14.958333333333334,8.7,20.2,2.5,4.779166666666667,57.416666666666664,872.0291666666667,6.075,222.06067505579466,2024,3,March,0,Monday,0,Pre-Monsoon,18.0,68,29.0,27,68,PM2.5,Moderate,0,0
2024-03-05,12.408333333333333,18.400000000000002,6.708333333333333,3.1625,386.25,15.304166666666667,10.5,21.8,0.0,6.270833333333333,46.666666666666664,871.3874999999999,2.9166666666666665,245.50244402033962,2024,3,March,1,Tuesday,0,Pre-Monsoon,12.4,57,18.0,17,57,PM2.5,Moderate,0,0
2024-03-06,13.791666666666666,19.983333333333334,7.745833333333334,4.3875,444.2083333333333,15.945833333333333,9.8,23.1,0.0,5.133333333333334,46.166666666666664,871.0041666666666,3.3666666666666667,207.69896238830523,2024,3,March,2,Wednesday,0,Pre-Monsoon,13.7,60,19.0,18,60,PM2.5,Moderate,0,0
2024-03-07,15.654166666666667,24.325,6.895833333333333,4.8500000000000005,430.5833333333333,15.416666666666666,10.6,21.2,7.5,4.666666666666667,51.291666666666664,870.9166666666666,4.466666666666667,203.29267815514328,2024,3,March,3,Thursday,0,Pre-Monsoon,15.6,63,24.0,22,63,PM2.5,Moderate,0,0
2024-03-08,16.041666666666668,24.75,6.083333333333333,4.245833333333334,397.5833333333333,15.029166666666667,10.4,21.7,0.0,5.295833333333333,56.75,871.2541666666666,5.6875,229.0659445212516,2024,3,March,4,Friday,0,Pre-Monsoon,16.0,64,24.0,22,64,PM2.5,Moderate,0,0
2024-03-09,18.420833333333334,27.020833333333332,7.854166666666667,4.9750000000000005,474.25,15.716666666666667,10.2,22.5,0.0,4.704166666666667,56.708333333333336,871.9583333333334,6.529166666666666,202.59255201465695,2024,3,March,5,Saturday,1,Pre-Monsoon,18.4,68,27.0,25,68,PM2.5,Moderate,0,0
2024-03-10,24.900000000000002,35.858333333333334,8.158333333333333,6.745833333333334,530.875,16.329166666666666,9.7,23.8,0.0,4.891666666666667,63.458333333333336,874.8125,8.633333333333333,181.14161823977153,2024,3,March,6,Sunday,1,Pre-Monsoon,24.9,80,35.0,32,80,PM2.5,Moderate,0,0
2024-03-11,34.983333333333334,50.666666666666664,8.041666666666666,8.891666666666667,567.4583333333334,16.716666666666665,9.3,23.7,0.0,5.6499999999999995,65.58333333333333,874.1458333333334,9.583333333333334,203.40661234816076,2024,3,March,0,Monday,0,Pre-Monsoon,34.9,99,50.0,46,99,PM2.5,Moderate,0,0
2024-03-12,26.795833333333334,39.19166666666667,6.504166666666666,5.429166666666667,487.875,17.383333333333333,11.2,24.7,0.0,5.4875,55.0,871.4166666666666,7.120833333333334,219.98833960601274,2024,3,March,1,Tuesday,0,Pre-Monsoon,26.7,84,39.0,36,84,PM2.5,Moderate,0,0
2024-03-13,18.070833333333333,26.7375,6.5249999999999995,4.379166666666666,409.6666666666667,17.354166666666668,11.7,24.8,0.1,4.916666666666667,47.875,871.9250000000001,5.45,198.9196886830681,2024,3,March,2,Wednesday,0,Pre-Monsoon,18.0,68,26.0,24,68,PM2.5,Moderate,0,0
2024-03-14,16.325,25.270833333333332,6.033333333333334,3.875,397.75,17.633333333333333,12.3,24.2,0.5,5.245833333333333,44.25,872.2333333333332,4.320833333333334,220.41852855589082,2024,3,March,3,Thursday,0,Pre-Monsoon,16.3,64,25.0,23,64,PM2.5,Moderate,0,0
2024-03-15,15.325000000000001,25.02916666666667,7.0125,3.8125,386.6666666666667,17.545833333333334,12.1,25.3,0.0,4.645833333333333,41.25,873.2875,3.3958333333333335,200.4701938953555,2024,3,March,4,Friday,0,Pre-Monsoon,15.3,63,25.0,23,63,PM2.5,Moderate,0,0
2024-03-16,19.595833333333335,31.150000000000002,8.275,5.25,412.5833333333333,17.420833333333334,10.9,25.0,0.0,4.3625,31.458333333333332,874.4583333333334,-0.7333333333333334,208.0083486689628,2024,3,March,5,Saturday,1,Pre-Monsoon,19.5,70,31.0,29,70,PM2.5,Moderate,0,0
2024-03-17,24.7375,41.112500000000004,9.133333333333333,5.658333333333334,464.5833333333333,18.004166666666666,8.3,25.3,0.0,5.166666666666667,28.166666666666668,874.1875,-2.4166666666666665,208.05992801835978,2024,3,March,6,Sunday,1,Pre-Monsoon,24.7,80,41.0,38,80,PM2.5,Moderate,0,0
2024-03-18,27.820833333333336,42.94583333333333,8.3875,5.779166666666666,490.4166666666667,17.166666666666668,9.7,26.2,0.0,4.9624999999999995,35.25,872.8625000000001,0.09166666666666662,173.3043394927732,2024,3,March,0,Monday,0,Pre-Monsoon,27.8,86,42.0,39,86,PM2.5,Moderate,0,0
2024-03-19,33.766666666666666,52.25416666666666,8.704166666666667,7.183333333333334,503.2083333333333,18.25,10.1,25.7,0.0,5.6499999999999995,34.083333333333336,873.8583333333332,0.8541666666666666,165.4842375225424,2024,3,March,1,Tuesday,0,Pre-Monsoon,33.7,97,52.0,48,97,PM2.5,Moderate,0,0
2024-03-20,56.35833333333333,86.25833333333333,10.366666666666667,7.7375,577.0,14.366666666666667,10.8,18.7,7.2,3.2375000000000003,70.875,874.0124999999999,8.5,165.8316589632082,2024,3,March,2,Wednesday,0,Pre-Monsoon,56.3,152,86.0,66,152,PM2.5,Unhealthy,1,1
2024-03-21,20.2625,28.675,8.158333333333333,4.245833333333334,470.125,14.708333333333334,10.7,20.5,2.2,3.995833333333333,79.20833333333333,872.6583333333333,10.704166666666666,193.89061757341324,2024,3,March,3,Thursday,0,Pre-Monsoon,20.2,72,28.0,26,72,PM2.5,Moderate,0,0
2024-03-22,25.641666666666666,36.916666666666664,7.029166666666666,4.054166666666666,461.8333333333333,14.966666666666667,10.3,19.8,12.0,4.5874999999999995,79.33333333333333,869.4708333333333,10.975,231.95653118486553,2024,3,March,4,Friday,0,Pre-Monsoon,25.6,82,36.0,33,82,PM2.5,Moderate,0,0
2024-03-23,34.19166666666667,53.42916666666667,6.858333333333333,4.929166666666666,464.0,15.470833333333333,11.9,19.9,6.3,4.179166666666666,81.08333333333333,869.0833333333334,12.0875,225.91597489171934,2024,3,March,5,Saturday,1,Pre-Monsoon,34.1,98,53.0,49,98,PM2.5,Moderate,0,0
2024-03-24,46.862500000000004,72.3,8.225,7.108333333333333,548.75,16.025000000000002,10.9,21.5,2.8,3.6666666666666665,83.16666666666667,872.5458333333332,12.887500000000001,198.8579161245394,2024,3,March,6,Sunday,1,Pre-Monsoon,46.8,129,72.0,59,129,PM2.5,Unhealthy for Sensitive Groups,1,0
2024-03-25,47.05833333333334,72.25,9.154166666666667,4.745833333333334,557.9166666666666,16.212500000000002,11.3,20.5,1.7999999999999998,4.4750000000000005,79.875,872.2208333333333,12.504166666666668,226.26926663074127,2024,3,March,0,Monday,0,Pre-Monsoon,47.0,129,72.0,59,129,PM2.5,Unhealthy for Sensitive Groups,1,0
2024-03-26,41.21666666666667,67.66250000000001,9.4,5.283333333333333,527.5833333333334,17.2,12.1,22.8,0.4,4.375,75.875,873.6166666666667,12.408333333333333,196.5640441209289,2024,3,March,1,Tuesday,0,Pre-Monsoon,41.2,115,67.0,57,115,PM2.5,Unhealthy for Sensitive Groups,1,0
2024-03-27,46.0875,74.27083333333333,9.020833333333334,7.745833333333334,592.8333333333334,17.05,13.7,21.0,2.3000000000000003,3.4333333333333336,84.625,874.6374999999999,14.254166666666668,191.43051236440422,2024,3,March,2,Wednesday,0,Pre-Monsoon,46.0,127,74.0,60,127,PM2.5,Unhealthy for Sensitive Groups,1,0
2024-03-28,43.637499999999996,67.1125,7.5249999999999995,6.829166666666667,526.75,17.166666666666668,13.9,21.1,3.7,3.275,86.91666666666667,872.5833333333334,14.816666666666668,193.83824636309205,2024,3,March,3,Thursday,0,Pre-Monsoon,43.6,121,67.0,57,121,PM2.5,Unhealthy for Sensitive Groups,1,0
2024-03-29,48.04583333333333,76.08749999999999,9.174999999999999,6.579166666666667,529.3333333333334,17.712500000000002,13.6,22.5,2.9,3.2916666666666665,83.625,872.5458333333332,14.629166666666668,188.75832230298496,2024,3,March,4,Friday,0,Pre-Monsoon,48.0,132,76.0,61,132,PM2.5,Unhealthy for Sensitive Groups,1,0
2024-03-30,34.13333333333333,52.708333333333336,9.895833333333334,5.145833333333333,577.125,18.825,13.0,24.5,1.2000000000000002,5.2625,75.16666666666667,873.0958333333333,14.0,208.45473195892265,2024,3,March,5,Saturday,1,Pre-Monsoon,34.1,98,52.0,48,98,PM2.5,Moderate,0,0
2024-03-31,24.454166666666666,39.5375,7.983333333333333,4.720833333333333,460.75,18.616666666666667,12.7,26.5,0.30000000000000004,7.716666666666666,66.16666666666667,870.6125000000001,11.108333333333334,208.71462180976602,2024,3,March,6,Sunday,1,Pre-Monsoon,24.4,80,39.0,36,80,PM2.5,Moderate,0,0
2024-04-01,16.287499999999998,25.916666666666668,5.925,3.6666666666666665,355.5,20.224999999999998,13.5,26.8,0.0,5.3500000000000005,54.833333333333336,867.85,10.35,224.35715984322252,2024,4,April,0,Monday,0,Pre-Monsoon,16.2,64,25.0,23,64,PM2.5,Moderate,0,0
2024-04-02,20.691666666666666,31.650000000000002,6.675,5.2875000000000005,407.0833333333333,20.974999999999998,14.0,28.6,0.0,5.2250000000000005,54.291666666666664,868.3375,10.304166666666667,194.70712242805246,2024,4,April,1,Tuesday,0,Pre-Monsoon,20.6,72,31.0,29,72,PM2.5,Moderate,0,0
2024-04-03,20.941666666666666,31.229166666666668,6.979166666666667,4.766666666666667,433.2083333333333,20.575,14.3,27.9,0.0,5.945833333333333,52.708333333333336,869.9,9.766666666666667,204.09078417432156,2024,4,April,2,Wednesday,0,Pre-Monsoon,20.9,73,31.0,29,73,PM2.5,Moderate,0,0
2024-04-04,18.45,28.983333333333334,6.870833333333334,3.6041666666666665,406.9166666666667,21.804166666666664,14.6,28.7,0.0,6.9875,44.208333333333336,870.5666666666666,7.9624999999999995,197.14921514063874,2024,4,April,3,Thursday,0,Pre-Monsoon,18.4,68,28.0,26,68,PM2.5,Moderate,0,0
2024-04-05,20.891666666666666,34.82083333333333,7.308333333333334,4.3125,438.6666666666667,21.675,14.1,28.8,0.4,5.2875000000000005,45.25,869.8666666666667,7.925000000000001,194.7940617901336,2024,4,April,4,Friday,0,Pre-Monsoon,20.8,73,34.0,31,73,PM2.5,Moderate,0,0
2024-04-06,17.51666666666667,30.71666666666667,6.375,3.4499999999999997,379.6666666666667,21.25,14.9,28.2,0.2,5.929166666666667,40.625,870.2166666666667,6.033333333333334,205.47058996065437,2024,4,April,5,Saturday,1,Pre-Monsoon,17.5,67,30.0,28,67,PM2.5,Moderate,0,0
2024-04-07,17.520833333333332,29.65416666666667,5.616666666666667,3.3333333333333335,345.7916666666667,20.433333333333334,12.1,28.1,0.2,5.745833333333334,40.708333333333336,870.3625000000001,5.133333333333334,192.34034206190074,2024,4,April,6,Sunday,1,Pre-Monsoon,17.5,67,29.0,27,67,PM2.5,Moderate,0,0
2024-04-08,22.391666666666666,35.12083333333333,6.908333333333334,4.0249999999999995,416.0833333333333,20.479166666666668,12.0,28.5,0.0,5.2,30.75,872.0208333333334,0.6833333333333332,190.80642913913198,2024,4,April,0,Monday,0,Pre-Monsoon,22.3,76,35.0,32,76,PM2.5,Moderate,0,0
2024-04-09,33.99166666666667,50.90833333333333,8.679166666666665,4.704166666666667,568.0,20.720833333333335,13.2,27.2,0.0,5.1375,30.416666666666668,873.3916666666668,1.9208333333333334,196.59078058531423,2024,4,April,1,Tuesday,0,Pre-Monsoon,33.9,97,50.0,46,97,PM2.5,Moderate,0,0
2024-04-10,25.916666666666668,40.47083333333333,8.395833333333334,4.4375,511.375,21.433333333333334,15.5,27.3,0.0,6.995833333333334,28.541666666666668,874.4083333333333,1.2375,224.78921625989162,2024,4,April,2,Wednesday,0,Pre-Monsoon,25.9,82,40.0,37,82,PM2.5,Moderate,0,0
2024-04-11,24.6125,38.65833333333333,8.204166666666667,4.816666666666667,510.375,19.95,14.6,27.4,0.39999999999999997,5.704166666666667,41.833333333333336,874.6541666666667,5.4875,188.13727851698914,2024,4,April,3,Thursday,0,Pre-Monsoon,24.6,80,38.0,35,80,PM2.5,Moderate,0,0
2024-04-12,31.59583333333333,50.18333333333334,7.516666666666667,5.8625,506.9583333333333,20.570833333333333,14.0,26.8,0.0,5.308333333333334,44.708333333333336,874.2166666666667,7.358333333333333,211.21717759616055,2024,4,April,4,Friday,0,Pre-Monsoon,31.5,93,50.0,46,93,PM2.5,Moderate,0,0
2024-04-13,39.916666666666664,67.50833333333334,7.683333333333334,5.929166666666667,535.2916666666666,21.53333333333333,15.8,27.8,0.0,5.541666666666667,42.875,874.7416666666667,7.545833333333333,219.61878729162765,2024,4,April,5,Saturday,1,Pre-Monsoon,39.9,112,67.0,57,112,PM2.5,Unhealthy for Sensitive Groups,1,0
2024-04-14,37.766666666666666,64.47083333333333,7.266666666666667,5.1875,529.625,22.587500000000002,16.3,28.4,0.0,5.995833333333334,39.708333333333336,874.9625,7.5125,231.72043277099806,2024,4,April,6,Sunday,1,Pre-Monsoon,37.7,106,64.0,55,106,PM2.5,Unhealthy for Sensitive Groups,1,0
2024-04-15,35.458333333333336,57.62916666666666,6.254166666666666,4.566666666666666,513.2916666666666,23.620833333333334,17.8,29.4,0.0,6.241666666666666,43.375,874.1166666666667,9.720833333333333,237.89264126188897,2024,4,April,0,Monday,0,Pre-Monsoon,35.4,100,57.0,52,100,PM2.5,Moderate,0,0
2024-04-16,35.9,61.63333333333333,6.820833333333333,4.783333333333333,485.7916666666667,22.925,15.5,29.9,0.0,6.754166666666666,49.625,870.7916666666666,10.954166666666666,203.64480602220152,2024,4,April,1,Tuesday,0,Pre-Monsoon,35.9,102,61.0,54,102,PM2.5,Unhealthy for Sensitive Groups,1,0
2024-04-17,28.0,46.25833333333333,6.941666666666666,4.183333333333334,458.3333333333333,22.858333333333334,15.5,28.8,0.1,6.545833333333333,47.083333333333336,869.3916666666668,10.320833333333333,217.02651917390475,2024,4,April,2,Wednesday,0,Pre-Monsoon,28.0,86,46.0,43,86,PM2.5,Moderate,0,0
2024-04-18,28.65833333333333,43.449999999999996,6.245833333333334,5.779166666666666,487.9583333333333,22.825,16.1,30.1,0.1,4.745833333333334,55.0,868.65,12.108333333333334,201.3261920959132,2024,4,April,3,Thursday,0,Pre-Monsoon,28.6,87,43.0,40,87,PM2.5,Moderate,0,0
2024-04-19,34.65416666666667,55.59583333333333,6.720833333333334,6.729166666666667,527.4166666666666,22.979166666666668,16.0,29.4,0.0,7.254166666666666,53.041666666666664,866.65,12.137500000000001,237.17328089691736,2024,4,April,4,Friday,0,Pre-Monsoon,34.6,99,55.0,51,99,PM2.5,Moderate,0,0
2024-04-20,23.945833333333336,39.199999999999996,5.270833333333333,3.9375,405.0833333333333,24.145833333333332,17.7,30.6,0.0,8.35,33.5,867.3291666666668,6.333333333333333,236.96960263144803,2024,4,April,5,Saturday,1,Pre-Monsoon,23.9,79,39.0,36,79,PM2.5,Moderate,0,0
2024-04-21,18.05,33.02916666666667,5.1375,3.7708333333333335,353.0,25.041666666666668,17.8,31.6,0.0,5.825,25.791666666666668,868.6708333333332,2.4208333333333334,236.6994770086657,2024,4,April,6,Sunday,1,Pre-Monsoon,18.0,68,33.0,31,68,PM2.5,Moderate,0,0
2024-04-22,19.974999999999998,34.56666666666667,5.395833333333333,3.8333333333333335,393.625,24.53333333333333,18.4,31.6,0.0,6.533333333333334,29.541666666666668,870.2208333333333,4.604166666666667,219.749268810512,2024,4,April,0,Monday,0,Pre-Monsoon,19.9,71,34.0,31,71,PM2.5,Moderate,0,0
2024-04-23,20.73333333333333,36.28333333333333,5.1000000000000005,3.6625,360.25,23.379166666666666,17.8,30.1,0.0,7.2375,32.25,869.4541666666668,4.970833333333333,223.3567519974162,2024,4,April,1,Tuesday,0,Pre-Monsoon,20.7,73,36.0,33,73,PM2.5,Moderate,0,0
2024-04-24,23.858333333333334,38.09166666666667,6.4375,3.591666666666667,430.875,23.379166666666666,17.9,29.8,0.0,6.333333333333333,29.666666666666668,869.0791666666668,3.954166666666667,237.776418552696,2024,4,April,2,Wednesday,0,Pre-Monsoon,23.8,78,38.0,35,78,PM2.5,Moderate,0,0
2024-04-25,26.912499999999998,41.59583333333333,6.55,3.641666666666667,482.7916666666667,24.0625,17.1,31.2,0.0,6.616666666666667,27.916666666666668,869.1416666666668,3.0708333333333333,216.15586225957864,2024,4,April,3,Thursday,0,Pre-Monsoon,26.9,84,41.0,38,84,PM2.5,Moderate,0,0
2024-04-26,26.8125,39.88333333333333,6.5625,3.5541666666666667,480.125,24.45,16.5,31.9,0.0,7.279166666666666,29.833333333333332,869.1416666666668,4.4875,202.83456254497233,2024,4,April,4,Friday,0,Pre-Monsoon,26.8,84,39.0,36,84,PM2.5,Moderate,0,0
2024-04-27,24.3,37.49166666666667,5.866666666666667,4.470833333333333,423.125,24.258333333333336,17.2,31.5,0.0,7.266666666666667,39.083333333333336,870.2458333333334,7.591666666666666,220.1167663624622,2024,4,April,5,Saturday,1,Pre-Monsoon,24.3,79,37.0,34,79,PM2.5,Moderate,0,0
2024-04-28,17.945833333333333,39.375,5.0625,3.641666666666667,341.3333333333333,24.2375,17.0,31.1,0.0,7.4375,33.958333333333336,870.0458333333332,6.304166666666667,242.48618086745086,2024,4,April,6,Sunday,1,Pre-Monsoon,17.9,67,39.0,36,67,PM2.5,Moderate,0,0
2024-04-29,19.204166666666666,35.11666666666667,5.354166666666667,3.3333333333333335,350.0,25.054166666666664,16.6,32.6,0.0,6.579166666666667,29.375,869.8916666666668,4.854166666666667,203.83779985685229,2024,4,April,0,Monday,0,Pre-Monsoon,19.2,70,35.0,32,70,PM2.5,Moderate,0,0
2024-04-30,18.25,35.0375,5.791666666666667,3.6125000000000003,367.9166666666667,24.695833333333336,17.1,32.1,0.0,7.579166666666667,29.833333333333332,866.4833333333332,4.554166666666666,228.2828629335467,2024,4,April,1,Tuesday,0,Pre-Monsoon,18.2,68,35.0,32,68,PM2.5,Moderate,0,0
2024-05-01,16.483333333333334,27.5125,6.104166666666667,3.7125,369.5416666666667,23.3875,15.8,32.0,0.0,5.9375,21.958333333333332,865.6291666666666,-1.4625000000000001,194.21930451811338,2024,5,May,2,Wednesday,0,Pre-Monsoon,16.4,65,27.0,25,65,PM2.5,Moderate,0,0
2024-05-02,17.224999999999998,34.204166666666666,6.729166666666667,3.9291666666666667,399.0,22.925,16.0,30.0,0.0,5.858333333333333,25.625,867.0666666666666,0.7166666666666667,182.23586151797602,2024,5,May,3,Thursday,0,Pre-Monsoon,17.2,66,34.0,31,66,PM2.5,Moderate,0,0
2024-05-03,30.483333333333334,53.50833333333333,7.791666666666667,5.458333333333333,555.8333333333334,23.808333333333334,17.5,31.3,0.0,6.041666666666667,30.041666666666668,870.1166666666667,4.325,180.18554604671456,2024,5,May,4,Friday,0,Pre-Monsoon,30.4,91,53.0,49,91,PM2.5,Moderate,0,0
2024-05-04,39.041666666666664,63.18333333333334,6.8999999999999995,7.083333333333333,569.5,23.329166666666666,16.1,30.8,0.0,6.5249999999999995,35.541666666666664,869.525,6.120833333333334,217.87036609056875,2024,5,May,5,Saturday,1,Pre-Monsoon,39.0,110,63.0,55,110,PM2.5,Unhealthy for Sensitive Groups,1,0
2024-05-05,43.645833333333336,70.00833333333334,6.75,7.441666666666666,549.0,23.541666666666668,16.0,29.8,0.0,6.629166666666666,41.625,868.0500000000001,8.891666666666667,228.34985454868573,2024,5,May,6,Sunday,1,Pre-Monsoon,43.6,121,70.0,58,121,PM2.5,Unhealthy for Sensitive Groups,1,0
2024-05-06,47.3375,77.80833333333334,5.824999999999999,6.254166666666666,498.8333333333333,23.054166666666664,17.0,30.3,0.5,6.808333333333334,52.916666666666664,871.0,11.475,211.03034576156648,2024,5,May,0,Monday,0,Pre-Monsoon,47.3,130,77.0,62,130,PM2.5,Unhealthy for Sensitive Groups,1,0
2024-05-07,43.35833333333333,68.08333333333333,6.075,3.9958333333333336,427.2083333333333,19.070833333333333,16.0,24.8,17.700000000000003,4.395833333333333,78.79166666666667,873.1708333333332,15.029166666666667,152.7323566913036,2024,5,May,1,Tuesday,0,Pre-Monsoon,43.3,120,68.0,57,120,PM2.5,Unhealthy for Sensitive Groups,1,0
2024-05-08,26.46666666666667,39.833333333333336,8.275,3.6041666666666665,430.1666666666667,18.145833333333332,15.0,22.2,6.9,4.016666666666667,83.70833333333333,872.3874999999999,15.204166666666666,144.6226293426973,2024,5,May,2,Wednesday,0,Pre-Monsoon,26.4,83,39.0,36,83,PM2.5,Moderate,0,0
2024-05-09,26.983333333333334,42.166666666666664,9.612499999999999,4.2875000000000005,496.1666666666667,19.454166666666666,15.1,25.9,1.9,3.7458333333333336,78.0,871.6791666666667,14.975,150.01685648732754,2024,5,May,3,Thursday,0,Pre-Monsoon,26.9,84,42.0,39,84,PM2.5,Moderate,0,0
2024-05-10,28.9875,45.01666666666667,10.1,5.9375,519.125,20.058333333333334,15.8,25.1,4.2,3.8000000000000003,76.45833333333333,872.1458333333334,15.375,133.7514673322763,2024,5,May,4,Friday,0,Pre-Monsoon,28.9,88,45.0,42,88,PM2.5,Moderate,0,0
2024-05-11,34.666666666666664,52.8375,8.125,5.5125,495.5416666666667,19.925,16.4,24.8,11.5,4.1875,82.58333333333333,873.0083333333333,16.641666666666666,159.62052960263108,2024,5,May,5,Saturday,1,Pre-Monsoon,34.6,99,52.0,48,99,PM2.5,Moderate,0,0
2024-05-12,22.354166666666668,32.483333333333334,7.704166666666667,4.266666666666667,420.8333333333333,19.1125,15.3,24.0,12.1,4.108333333333333,86.91666666666667,873.1291666666666,16.716666666666665,162.50847420062524,2024,5,May,6,Sunday,1,Pre-Monsoon,22.3,76,32.0,30,76,PM2.5,Moderate,0,0
2024-05-13,21.579166666666666,32.75833333333333,8.575,3.858333333333334,435.25,19.879166666666666,15.4,26.4,4.1,4.3625,81.41666666666667,872.875,16.216666666666665,153.55789072652806,2024,5,May,0,Monday,0,Pre-Monsoon,21.5,74,32.0,30,74,PM2.5,Moderate,0,0
2024-05-14,27.7625,44.65,9.858333333333333,4.833333333333333,477.1666666666667,21.3625,15.8,26.7,0.7000000000000001,4.7749999999999995,75.70833333333333,873.1875,16.508333333333333,216.36250668292692,2024,5,May,1,Tuesday,0,Pre-Monsoon,27.7,86,44.0,41,86,PM2.5,Moderate,0,0
2024-05-15,36.19166666666667,57.0,8.375,5.020833333333333,496.9166666666667,22.15833333333333,16.9,27.1,0.0,5.6375,71.66666666666667,874.6999999999999,16.4375,222.64943376297813,2024,5,May,2,Wednesday,0,Pre-Monsoon,36.1,102,57.0,52,102,PM2.5,Unhealthy for Sensitive Groups,1,0
2024-05-16,38.03333333333333,62.574999999999996,9.404166666666667,5.404166666666666,518.7083333333334,23.208333333333332,17.2,28.7,0.0,4.891666666666667,54.208333333333336,873.2125,13.108333333333334,213.3394914358969,2024,5,May,3,Thursday,0,Pre-Monsoon,38.0,107,62.0,54,107,PM2.5,Unhealthy for Sensitive Groups,1,0
2024-05-17,27.09583333333333,46.20416666666667,9.466666666666667,4.941666666666666,548.75,24.058333333333334,18.8,29.4,0.0,5.8999999999999995,54.166666666666664,871.5041666666666,13.674999999999999,210.95726974260126,2024,5,May,4,Friday,0,Pre-Monsoon,27.0,84,46.0,43,84,PM2.5,Moderate,0,0
2024-05-18,39.016666666666666,62.35,9.041666666666666,7.558333333333334,632.8333333333334,24.166666666666668,17.9,29.1,0.8,5.658333333333334,62.291666666666664,870.0333333333333,15.883333333333333,238.17373482779755,2024,5,May,5,Saturday,1,Pre-Monsoon,39.0,110,62.0,54,110,PM2.5,Unhealthy for Sensitive Groups,1,0
2024-05-19,43.708333333333336,73.075,8.65,7.8999999999999995,638.25,22.8875,17.9,28.3,13.5,5.2124999999999995,69.45833333333333,868.7416666666667,16.525000000000002,195.97971043102112,2024,5,May,6,Sunday,1,Pre-Monsoon,43.7,121,73.0,60,121,PM2.5,Unhealthy for Sensitive Groups,1,0
2024-05-20,42.7125,68.125,7.808333333333334,7.320833333333333,572.5833333333334,22.40833333333333,18.9,27.7,3.6,4.058333333333334,74.70833333333333,869.5583333333334,17.287499999999998,160.92199950012446,2024,5,May,0,Monday,0,Pre-Monsoon,42.7,119,68.0,57,119,PM2.5,Unhealthy for Sensitive Groups,1,0
2024-05-21,31.858333333333334,50.012499999999996,7.729166666666667,5.058333333333334,465.5,22.620833333333334,18.5,29.1,3.3,3.341666666666667,75.875,870.6458333333334,17.741666666666667,168.07861285715555,2024,5,May,1,Tuesday,0,Pre-Monsoon,31.8,93,50.0,46,93,PM2.5,Moderate,0,0
2024-05-22,31.683333333333334,49.4,9.083333333333334,5.558333333333334,511.8333333333333,22.09583333333333,18.6,27.9,10.7,3.6958333333333333,79.45833333333333,870.5083333333333,18.079166666666666,159.08062453766266,2024,5,May,2,Wednesday,0,Pre-Monsoon,31.6,93,49.0,45,93,PM2.5,Moderate,0,0
2024-05-23,32.17916666666667,50.225,9.950000000000001,4.8,514.5833333333334,22.420833333333334,18.4,28.1,0.7,4.2375,76.125,869.6875,17.470833333333335,148.31176811417666,2024,5,May,3,Thursday,0,Pre-Monsoon,32.1,94,50.0,46,94,PM2.5,Moderate,0,0
2024-05-24,25.370833333333334,41.112500000000004,11.404166666666667,5.0125,528.7916666666666,23.558333333333334,18.9,29.4,2.4,3.475,72.95833333333333,869.1166666666667,17.970833333333335,173.23952659558626,2024,5,May,4,Friday,0,Pre-Monsoon,25.3,81,41.0,38,81,PM2.5,Moderate,0,0
2024-05-25,25.675,39.641666666666666,11.966666666666667,4.741666666666666,536.6666666666666,23.837500000000002,19.2,29.8,6.5,5.175,78.91666666666667,867.8541666666666,19.404166666666665,184.7515086504043,2024,5,May,5,Saturday,1,Pre-Monsoon,25.6,82,39.0,36,82,PM2.5,Moderate,0,0
2024-05-26,30.066666666666666,45.550000000000004,9.895833333333334,4.958333333333333,525.5,23.575,19.2,28.4,1.7,3.9916666666666667,81.95833333333333,866.525,20.045833333333334,195.4561645114361,2024,5,May,6,Sunday,1,Pre-Monsoon,30.0,90,45.0,42,90,PM2.5,Moderate,0,0
2024-05-27,25.4375,37.4,7.295833333333333,4.029166666666667,459.5416666666667,23.629166666666666,19.5,29.4,4.7,3.3666666666666667,84.125,864.25,20.525000000000002,281.82228287646126,2024,5,May,0,Monday,0,Pre-Monsoon,25.4,81,37.0,34,81,PM2.5,Moderate,0,0
2024-05-28,22.7375,34.079166666666666,7.266666666666667,3.7875,418.4166666666667,21.787499999999998,18.1,25.7,16.400000000000002,4.3125,89.375,862.7875,19.916666666666668,158.58007149660264,2024,5,May,1,Tuesday,0,Pre-Monsoon,22.7,76,34.0,31,76,PM2.5,Moderate,0,0
2024-05-29,25.2375,39.670833333333334,8.725,5.5874999999999995,484.7083333333333,23.729166666666668,18.3,28.5,1.1,4.658333333333333,74.91666666666667,865.4166666666666,18.820833333333333,199.47369966976288,2024,5,May,2,Wednesday,0,Pre-Monsoon,25.2,81,39.0,36,81,PM2.5,Moderate,0,0
2024-05-30,33.78333333333334,53.35,8.691666666666666,7.054166666666667,539.4583333333334,25.520833333333332,20.2,31.7,0.0,5.433333333333334,67.0,867.6291666666666,18.2,213.4702000895585,2024,5,May,3,Thursday,0,Pre-Monsoon,33.7,97,53.0,49,97,PM2.5,Moderate,0,0
2024-05-31,43.88333333333333,71.08333333333333,8.779166666666667,7.0874999999999995,557.75,24.566666666666666,18.9,30.3,0.1,5.329166666666667,73.79166666666667,868.5,19.120833333333334,239.72610453570826,2024,5,May,4,Friday,0,Pre-Monsoon,43.8,121,71.0,59,121,PM2.5,Unhealthy for Sensitive Groups,1,0
2024-06-01,43.62083333333334,77.64999999999999,7.595833333333334,5.9375,491.0416666666667,22.683333333333334,18.7,27.2,0.9,4.1375,79.20833333333333,869.4708333333333,18.629166666666666,195.66607734048543,2024,6,June,5,Saturday,1,Monsoon,43.6,121,77.0,62,121,PM2.5,Unhealthy for Sensitive Groups,1,0
2024-06-02,51.7125,89.72916666666667,7.766666666666667,6.1499999999999995,526.625,23.383333333333336,17.9,28.7,8.4,4.983333333333333,74.45833333333333,869.9916666666667,18.066666666666666,192.02068145585116,2024,6,June,6,Sunday,1,Monsoon,51.7,141,89.0,68,141,PM2.5,Unhealthy for Sensitive Groups,1,0
2024-06-03,40.387499999999996,73.55,7.133333333333333,4.575,428.2916666666667,22.95,17.8,27.6,3.0,5.333333333333333,77.70833333333333,868.7125,18.5125,221.9999231633801,2024,6,June,0,Monday,0,Monsoon,40.3,113,73.0,60,113,PM2.5,Unhealthy for Sensitive Groups,1,0
2024-06-04,44.18333333333334,86.33749999999999,7.170833333333333,5.2,456.5416666666667,22.71666666666667,18.6,27.2,9.5,3.704166666666667,79.66666666666667,869.5541666666667,18.758333333333333,244.7730876144932,2024,6,June,1,Tuesday,0,Monsoon,44.1,122,86.0,66,122,PM2.5,Unhealthy for Sensitive Groups,1,0
2024-06-05,46.03333333333333,80.77083333333333,6.629166666666666,5.254166666666666,436.4166666666667,22.59583333333333,19.0,28.0,1.8,4.029166666666667,80.25,869.775,18.779166666666665,189.08604003686003,2024,6,June,2,Wednesday,0,Monsoon,46.0,127,80.0,63,127,PM2.5,Unhealthy for Sensitive Groups,1,0
2024-06-06,45.18333333333334,77.10833333333333,7.333333333333333,5.5375000000000005,486.125,23.45,18.7,28.9,9.2,3.408333333333333,79.41666666666667,869.9333333333334,19.329166666666666,351.9510810779378,2024,6,June,3,Thursday,0,Monsoon,45.1,125,77.0,62,125,PM2.5,Unhealthy for Sensitive Groups,1,0
2024-06-07,33.354166666666664,56.50416666666666,8.3375,5.4624999999999995,431.625,21.891666666666666,18.7,25.7,4.5,4.0249999999999995,85.5,867.7958333333332,19.191666666666666,217.85089723305595,2024,6,June,4,Friday,0,Monsoon,33.3,96,56.0,51,96,PM2.5,Moderate,0,0
2024-06-08,40.87916666666667,70.41250000000001,9.0625,6.045833333333333,461.4166666666667,23.304166666666664,18.9,27.9,2.7,5.254166666666666,78.41666666666667,867.2416666666667,19.041666666666668,236.79589364379376,2024,6,June,5,Saturday,1,Monsoon,40.8,114,70.0,58,114,PM2.5,Unhealthy for Sensitive Groups,1,0
2024-06-09,45.0,82.14583333333333,8.25,6.445833333333333,468.4583333333333,24.920833333333334,20.5,29.4,0.0,5.3125,72.45833333333333,867.6666666666666,19.279166666666665,238.92452613376344,2024,6,June,6,Sunday,1,Monsoon,45.0,124,82.0,64,124,PM2.5,Unhealthy for Sensitive Groups,1,0
2024-06-10,42.387499999999996,72.76666666666667,9.395833333333334,6.108333333333333,519.4166666666666,25.28333333333333,19.2,30.5,0.0,5.95,72.375,867.8874999999999,19.316666666666666,239.52766047341171,2024,6,June,0,Monday,0,Monsoon,42.3,118,72.0,59,118,PM2.5,Unhealthy for Sensitive Groups,1,0
2024-06-11,47.17083333333333,75.8625,9.370833333333334,6.204166666666667,522.9583333333334,24.45,19.5,29.6,2.3,4.279166666666667,79.375,867.9083333333333,20.2125,262.8513685385752,2024,6,June,1,Tuesday,0,Monsoon,47.1,130,75.0,61,130,PM2.5,Unhealthy for Sensitive Groups,1,0
2024-06-12,48.37916666666666,77.05833333333334,8.325000000000001,6.1625000000000005,492.125,25.170833333333334,20.1,30.1,1.1,4.15,75.33333333333333,868.0500000000001,20.01666666666667,238.82710075937078,2024,6,June,2,Wednesday,0,Monsoon,48.3,133,77.0,62,133,PM2.5,Unhealthy for Sensitive Groups,1,0
2024-06-13,42.80833333333334,70.8625,7.929166666666667,6.925,503.75,24.495833333333334,20.0,29.8,12.4,4.583333333333333,79.0,866.8166666666666,20.1875,250.4285149237516,2024,6,June,3,Thursday,0,Monsoon,42.8,119,70.0,58,119,PM2.5,Unhealthy for Sensitive Groups,1,0
2024-06-14,51.137499999999996,83.3875,7.8625,7.4125000000000005,526.5833333333334,23.925,20.0,29.3,8.0,5.054166666666666,82.125,866.3291666666668,20.408333333333335,232.06025608134763,2024,6,June,4,Friday,0,Monsoon,51.1,139,83.0,65,139,PM2.5,Unhealthy for Sensitive Groups,1,0
2024-06-15,48.791666666666664,76.50416666666666,6.916666666666667,5.641666666666667,515.2916666666666,24.65416666666667,20.2,29.9,5.2,4.216666666666667,80.04166666666667,866.5,20.541666666666668,208.0535804351755,2024,6,June,5,Saturday,1,Monsoon,48.7,134,76.0,61,134,PM2.5,Unhealthy for Sensitive Groups,1,0
2024-06-16,44.17083333333333,72.97916666666667,6.520833333333333,5.8875,476.7083333333333,23.879166666666666,20.8,27.6,14.1,3.5749999999999997,85.875,867.5208333333334,21.2,326.8149638053514,2024,6,June,6,Sunday,1,Monsoon,44.1,122,72.0,59,122,PM2.5,Unhealthy for Sensitive Groups,1,0
2024-06-17,49.824999999999996,88.72083333333335,7.766666666666667,7.145833333333333,525.7916666666666,23.441666666666666,21.2,28.1,9.4,3.0749999999999997,87.91666666666667,867.0083333333333,21.1875,136.37579419137862,2024,6,June,0,Monday,0,Monsoon,49.8,136,88.0,67,136,PM2.5,Unhealthy for Sensitive Groups,1,0
2024-06-18,47.0375,79.25416666666666,6.779166666666666,5.645833333333333,496.6666666666667,23.354166666666668,20.5,28.3,12.8,3.3625000000000003,88.625,864.7916666666666,21.229166666666668,37.307394828299664,2024,6,June,1,Tuesday,0,Monsoon,47.0,129,79.0,63,129,PM2.5,Unhealthy for Sensitive Groups,1,0
2024-06-19,30.020833333333332,57.62083333333334,5.925000000000001,3.704166666666667,412.0416666666667,22.3875,19.8,28.1,33.9,3.8625000000000003,88.41666666666667,864.225,20.229166666666668,141.30030089170685,2024,6,June,2,Wednesday,0,Monsoon,30.0,90,57.0,52,90,PM2.5,Moderate,0,0
2024-06-20,28.6125,53.45416666666667,5.216666666666667,3.783333333333333,341.9166666666667,23.541666666666668,20.0,27.3,7.000000000000001,3.3833333333333333,83.08333333333333,866.2416666666667,20.366666666666667,307.68787271300334,2024,6,June,3,Thursday,0,Monsoon,28.6,87,53.0,49,87,PM2.5,Moderate,0,0
2024-06-21,20.833333333333332,33.99583333333333,5.545833333333333,2.5083333333333333,343.7083333333333,22.979166666666668,20.5,26.8,6.4,3.0749999999999997,86.58333333333333,866.9208333333332,20.491666666666667,5.976772250209409,2024,6,June,4,Friday,0,Monsoon,20.8,73,33.0,31,73,PM2.5,Moderate,0,0
2024-06-22,26.104166666666668,40.020833333333336,7.25,3.2458333333333336,378.4166666666667,23.004166666666666,19.9,28.1,14.0,3.0708333333333333,85.91666666666667,867.6958333333333,20.3875,145.5076399459908,2024,6,June,5,Saturday,1,Monsoon,26.1,83,40.0,37,83,PM2.5,Moderate,0,0
2024-06-23,28.6875,43.1875,8.016666666666667,3.408333333333333,393.5416666666667,23.545833333333334,20.0,27.7,12.3,2.8249999999999997,86.54166666666667,867.8333333333334,21.045833333333334,113.0753465726919,2024,6,June,6,Sunday,1,Monsoon,28.6,87,43.0,40,87,PM2.5,Moderate,0,0
2024-06-24,22.474999999999998,32.8375,6.666666666666667,3.420833333333333,329.125,24.108333333333334,20.5,28.3,9.3,3.6125000000000003,85.20833333333333,866.8083333333334,21.283333333333335,217.62925539878748,2024,6,June,0,Monday,0,Monsoon,22.4,76,32.0,30,76,PM2.5,Moderate,0,0
2024-06-25,18.770833333333332,26.97083333333333,8.0875,4.1499999999999995,345.5416666666667,24.037499999999998,21.3,28.0,34.3,2.8166666666666664,87.125,866.5166666666668,21.645833333333332,219.91403280284297,2024,6,June,1,Tuesday,0,Monsoon,18.7,69,26.0,24,69,PM2.5,Moderate,0,0
2024-06-26,12.762500000000001,18.166666666666668,9.166666666666666,4.6875,382.375,23.354166666666668,19.9,28.2,33.4,3.0749999999999997,88.54166666666667,867.9458333333333,21.141666666666666,119.98990228729465,2024,6,June,2,Wednesday,0,Monsoon,12.7,58,18.0,17,58,PM2.5,Moderate,0,0
2024-06-27,19.9625,29.525000000000002,7.833333333333333,4.516666666666667,350.0,23.4875,19.8,27.1,20.7,3.025,87.54166666666667,868.9125,21.229166666666668,232.37295851116826,2024,6,June,3,Thursday,0,Monsoon,19.9,71,29.0,27,71,PM2.5,Moderate,0,0
2024-06-28,10.645833333333334,15.049999999999999,6.8374999999999995,2.495833333333333,286.3333333333333,23.479166666666668,20.9,27.6,21.9,3.025,89.04166666666667,867.0208333333334,21.454166666666666,276.45733615780324,2024,6,June,4,Friday,0,Monsoon,10.6,54,15.0,14,54,PM2.5,Moderate,0,0
2024-06-29,9.854166666666666,13.979166666666666,7.433333333333334,2.3874999999999997,284.0,23.150000000000002,20.7,26.0,22.5,3.1666666666666665,89.04166666666667,866.4416666666666,21.179166666666667,265.9237168880288,2024,6,June,5,Saturday,1,Monsoon,9.8,52,13.0,12,52,PM2.5,Moderate,0,0
2024-06-30,10.508333333333333,14.991666666666667,8.754166666666666,2.5458333333333334,320.4583333333333,23.195833333333336,21.0,27.4,17.3,2.704166666666667,88.125,865.6791666666667,21.008333333333333,23.40740236784999,2024,6,June,6,Sunday,1,Monsoon,10.5,54,14.0,13,54,PM2.5,Moderate,0,0
2024-07-01,13.616666666666667,19.404166666666665,7.925,2.845833333333333,352.9166666666667,23.379166666666666,21.1,26.2,34.800000000000004,2.7375000000000003,89.70833333333333,863.4166666666666,21.53333333333333,302.25489427204377,2024,7,July,0,Monday,0,Monsoon,13.6,59,19.0,18,59,PM2.5,Moderate,0,0
2024-07-02,16.079166666666666,22.912499999999998,7.204166666666667,2.7416666666666667,380.25,23.3625,21.0,26.6,36.1,2.716666666666667,88.125,864.0708333333333,21.183333333333334,179.1621927675901,2024,7,July,1,Tuesday,0,Monsoon,16.0,64,22.0,20,64,PM2.5,Moderate,0,0
2024-07-03,15.041666666666666,21.412499999999998,7.4750000000000005,4.179166666666666,323.0416666666667,22.733333333333334,21.0,26.0,18.0,3.8666666666666667,90.45833333333333,866.4083333333333,21.037499999999998,105.91561133833255,2024,7,July,2,Wednesday,0,Monsoon,15.0,62,21.0,19,62,PM2.5,Moderate,0,0
2024-07-04,10.841666666666667,15.4125,6.979166666666667,4.420833333333333,312.5,23.266666666666666,21.1,28.2,12.200000000000001,2.954166666666667,88.875,867.2958333333332,21.224999999999998,132.9409457631104,2024,7,July,3,Thursday,0,Monsoon,10.8,54,15.0,14,54,PM2.5,Moderate,0,0
2024-07-05,6.133333333333333,8.704166666666667,7.308333333333334,3.279166666666667,295.25,22.633333333333336,21.3,24.8,18.9,3.4791666666666665,90.0,865.1708333333332,20.879166666666666,136.3382860731735,2024,7,July,4,Friday,0,Monsoon,6.1,34,8.0,7,34,PM2.5,Good,0,0
2024-07-06,4.933333333333334,7.029166666666666,7.966666666666666,4.6625000000000005,321.5,21.691666666666666,20.3,22.9,41.1,5.133333333333334,93.41666666666667,865.7541666666666,20.583333333333332,136.01735530864948,2024,7,July,5,Saturday,1,Monsoon,4.9,27,7.0,6,27,PM2.5,Good,0,0
2024-07-07,9.904166666666667,14.058333333333332,8.3125,5.591666666666666,318.6666666666667,22.554166666666664,20.2,26.8,12.799999999999999,2.5875,89.875,868.7583333333333,20.741666666666667,105.24702564319342,2024,7,July,6,Sunday,1,Monsoon,9.9,52,14.0,13,52,PM2.5,Moderate,0,0
2024-07-08,21.054166666666667,30.6375,8.916666666666666,4.008333333333334,332.0416666666667,22.933333333333334,20.2,27.4,8.6,2.8833333333333333,89.0,868.8000000000001,20.933333333333334,216.84903251910293,2024,7,July,0,Monday,0,Monsoon,21.0,73,30.0,28,73,PM2.5,Moderate,0,0
2024-07-09,14.066666666666668,20.183333333333334,7.641666666666667,4.629166666666666,319.25,23.3125,20.3,28.4,14.700000000000001,2.6166666666666667,89.0,869.2708333333334,21.229166666666668,205.59619916733934,2024,7,July,1,Tuesday,0,Monsoon,14.0,60,20.0,19,60,PM2.5,Moderate,0,0
2024-07-10,24.099999999999998,34.53333333333333,9.658333333333333,5.7,372.7083333333333,23.191666666666666,20.9,26.7,42.2,2.65,90.5,868.6875,21.504166666666666,296.9301359608451,2024,7,July,2,Wednesday,0,Monsoon,24.0,79,34.0,31,79,PM2.5,Moderate,0,0
2024-07-11,9.595833333333333,13.633333333333333,6.316666666666666,4.070833333333334,333.25,23.358333333333334,21.6,26.0,108.2,2.920833333333333,88.91666666666667,865.1958333333333,21.375,7.159273931191958,2024,7,July,3,Thursday,0,Monsoon,9.5,52,13.0,12,52,PM2.5,Moderate,0,0
2024-07-12,9.429166666666667,13.4125,7.333333333333333,3.591666666666667,332.6666666666667,22.620833333333334,21.0,25.0,98.1,2.375,89.83333333333333,864.8708333333334,20.841666666666665,121.0712038912712,2024,7,July,4,Friday,0,Monsoon,9.4,52,13.0,12,52,PM2.5,Moderate,0,0
2024-07-13,21.254166666666666,30.233333333333334,8.1625,3.7416666666666667,375.2083333333333,23.525000000000002,21.0,26.9,10.9,3.1333333333333333,87.29166666666667,864.6916666666666,21.2,221.67097048146056,2024,7,July,5,Saturday,1,Monsoon,21.2,74,30.0,28,74,PM2.5,Moderate,0,0
2024-07-14,21.820833333333336,31.1875,7.375,3.6666666666666665,369.1666666666667,24.175,21.4,27.9,30.0,2.8166666666666664,86.625,866.0541666666667,21.724999999999998,124.89422512747653,2024,7,July,6,Sunday,1,Monsoon,21.8,75,31.0,29,75,PM2.5,Moderate,0,0
2024-07-15,15.491666666666667,21.929166666666664,7.5125,2.9749999999999996,314.75,24.291666666666668,21.5,28.6,10.5,2.2916666666666665,87.04166666666667,868.2833333333333,21.858333333333334,181.73935734244645,2024,7,July,0,Monday,0,Monsoon,15.4,63,21.0,19,63,PM2.5,Moderate,0,0
2024-07-16,19.337500000000002,27.175,10.791666666666666,4.1000000000000005,359.7916666666667,23.724999999999998,21.7,28.4,44.0,2.3375,87.79166666666667,868.6958333333333,21.420833333333334,150.45477053824493,2024,7,July,1,Tuesday,0,Monsoon,19.3,70,27.0,25,70,PM2.5,Moderate,0,0
2024-07-17,13.691666666666668,19.391666666666666,10.275,3.579166666666667,338.0416666666667,23.108333333333334,21.5,26.0,12.4,3.016666666666667,90.83333333333333,868.0875,21.479166666666668,175.49013888251656,2024,7,July,2,Wednesday,0,Monsoon,13.6,59,19.0,18,59,PM2.5,Moderate,0,0
2024-07-18,15.579166666666666,22.179166666666664,11.170833333333334,4.404166666666667,361.0,23.579166666666666,21.4,27.3,24.9,2.5124999999999997,89.375,867.1041666666666,21.641666666666666,332.5562517087314,2024,7,July,3,Thursday,0,Monsoon,15.5,63,22.0,20,63,PM2.5,Moderate,0,0
2024-07-19,14.754166666666668,21.033333333333335,10.825000000000001,4.575,376.625,23.5,21.4,26.5,10.9,3.279166666666667,90.83333333333333,865.9833333333332,21.849999999999998,188.52261105768693,2024,7,July,4,Friday,0,Monsoon,14.7,61,21.0,19,61,PM2.5,Moderate,0,0
2024-07-20,15.195833333333333,21.670833333333334,12.012500000000001,4.625,421.875,24.21666666666667,21.3,28.5,23.900000000000002,2.891666666666667,87.16666666666667,866.9499999999999,21.787499999999998,0.0684747385677564,2024,7,July,5,Saturday,1,Monsoon,15.1,62,21.0,19,62,PM2.5,Moderate,0,0
2024-07-21,13.820833333333333,19.741666666666667,10.1875,4.2375,343.5,23.21666666666667,21.7,25.4,6.5,2.529166666666667,91.16666666666667,866.8541666666666,21.6375,6.8683755449902915,2024,7,July,6,Sunday,1,Monsoon,13.8,60,19.0,18,60,PM2.5,Moderate,0,0
2024-07-22,12.033333333333333,17.158333333333335,10.745833333333332,3.9375,356.0,23.3125,21.5,26.7,12.3,2.095833333333333,90.5,866.6708333333332,21.620833333333334,20.886196518301126,2024,7,July,0,Monday,0,Monsoon,12.0,56,17.0,16,56,PM2.5,Moderate,0,0
2024-07-23,9.441666666666666,13.491666666666667,7.958333333333333,3.0041666666666664,280.3333333333333,23.395833333333332,21.4,26.6,11.4,3.0583333333333336,90.875,865.0,21.758333333333336,336.53597287514873,2024,7,July,1,Tuesday,0,Monsoon,9.4,52,13.0,12,52,PM2.5,Moderate,0,0
2024-07-24,12.4375,17.849999999999998,7.7625,2.654166666666667,282.5416666666667,23.379166666666666,21.4,25.9,15.1,3.2291666666666665,90.58333333333333,862.375,21.691666666666666,296.0499883593114,2024,7,July,2,Wednesday,0,Monsoon,12.4,57,17.0,16,57,PM2.5,Moderate,0,0
2024-07-25,10.025,14.333333333333334,10.3375,3.4458333333333333,336.5,24.075,21.7,27.7,16.9,3.341666666666667,88.16666666666667,862.1958333333333,21.891666666666666,286.2255142841426,2024,7,July,3,Thursday,0,Monsoon,10.0,53,14.0,13,53,PM2.5,Moderate,0,0
2024-07-26,13.320833333333333,19.091666666666665,15.058333333333332,4.970833333333333,474.2916666666667,24.120833333333334,21.5,26.3,11.4,2.5791666666666666,87.5,863.7333333333332,21.866666666666664,202.2764545284524,2024,7,July,4,Friday,0,Monsoon,13.3,59,19.0,18,59,PM2.5,Moderate,0,0
2024-07-27,15.3125,21.8875,13.4125,5.079166666666667,455.9166666666667,25.22083333333333,21.4,28.7,2.4,3.4791666666666665,82.41666666666667,866.3249999999999,21.858333333333334,161.93752840718534,2024,7,July,5,Saturday,1,Monsoon,15.3,63,21.0,19,63,PM2.5,Moderate,0,0
2024-07-28,15.470833333333333,22.099999999999998,13.433333333333332,4.829166666666667,449.5,24.599999999999998,22.0,28.4,12.6,3.2375000000000003,87.04166666666667,866.2916666666666,22.162499999999998,49.57372413641485,2024,7,July,6,Sunday,1,Monsoon,15.4,63,22.0,20,63,PM2.5,Moderate,0,0
2024-07-29,18.337500000000002,26.175,12.508333333333333,5.004166666666666,426.0833333333333,24.833333333333332,21.9,29.0,9.0,3.3000000000000003,85.16666666666667,866.4666666666667,21.979166666666668,215.43094466689575,2024,7,July,0,Monday,0,Monsoon,18.3,68,26.0,24,68,PM2.5,Moderate,0,0
2024-07-30,20.941666666666666,29.849999999999998,8.125,3.9791666666666665,338.2083333333333,24.366666666666664,21.2,28.5,10.700000000000001,4.625,86.66666666666667,867.6791666666667,21.84583333333333,340.7869064900638,2024,7,July,1,Tuesday,0,Monsoon,20.9,73,29.0,27,73,PM2.5,Moderate,0,0
2024-07-31,16.216666666666665,23.183333333333334,9.862499999999999,4.279166666666667,390.9166666666667,24.195833333333336,21.0,27.3,12.6,3.4583333333333335,85.625,867.5541666666667,21.525000000000002,357.550026601332,2024,7,July,2,Wednesday,0,Monsoon,16.2,64,23.0,21,64,PM2.5,Moderate,0,0
2024-08-01,15.266666666666666,21.945833333333336,11.637500000000001,3.9499999999999997,427.0,23.729166666666668,20.7,28.3,27.799999999999997,3.2708333333333335,87.33333333333333,866.1416666666668,21.395833333333332,333.71065019620033,2024,8,August,3,Thursday,0,Monsoon,15.2,62,21.0,19,62,PM2.5,Moderate,0,0
2024-08-02,15.983333333333334,22.804166666666664,9.816666666666666,3.6875,411.5833333333333,22.758333333333336,20.6,26.7,19.1,2.3666666666666667,89.45833333333333,865.0791666666668,20.8625,55.74431635157055,2024,8,August,4,Friday,0,Monsoon,15.9,64,22.0,20,64,PM2.5,Moderate,0,0
2024-08-03,7.8500000000000005,11.079166666666666,8.133333333333335,3.6041666666666665,290.5,23.025000000000002,20.3,27.6,9.700000000000001,3.025,86.125,867.8291666666668,20.491666666666667,130.61668049931345,2024,8,August,5,Saturday,1,Monsoon,7.8,43,11.0,10,43,PM2.5,Good,0,0
2024-08-04,11.133333333333333,15.629166666666668,7.854166666666667,3.1458333333333335,293.4583333333333,23.058333333333334,20.3,27.5,12.700000000000001,2.595833333333333,87.91666666666667,869.525,20.825,124.67315122209554,2024,8,August,6,Sunday,1,Monsoon,11.1,55,15.0,14,55,PM2.5,Moderate,0,0
2024-08-05,20.091666666666665,28.504166666666666,10.479166666666666,4.7250000000000005,384.4166666666667,23.045833333333334,20.9,26.9,31.1,2.7083333333333335,89.95833333333333,868.4708333333333,21.25,325.22115167670944,2024,8,August,0,Monday,0,Monsoon,20.0,71,28.0,26,71,PM2.5,Moderate,0,0
2024-08-06,11.533333333333333,16.375,8.083333333333334,4.7875000000000005,350.0,22.1125,21.0,24.4,43.1,2.4791666666666665,93.625,868.0124999999999,21.029166666666665,117.27961549411265,2024,8,August,1,Tuesday,0,Monsoon,11.5,55,16.0,15,55,PM2.5,Moderate,0,0
2024-08-07,9.924999999999999,14.1,8.179166666666667,2.7916666666666665,348.4583333333333,22.462500000000002,20.7,25.0,16.1,2.775,90.66666666666667,868.65,20.837500000000002,86.35548547522312,2024,8,August,2,Wednesday,0,Monsoon,9.9,52,14.0,13,52,PM2.5,Moderate,0,0
2024-08-08,9.875,13.929166666666667,9.362499999999999,3.5041666666666664,324.625,22.758333333333336,20.6,27.0,48.300000000000004,2.9416666666666664,89.29166666666667,869.5208333333334,20.820833333333333,143.07528127498597,2024,8,August,3,Thursday,0,Monsoon,9.8,52,13.0,12,52,PM2.5,Moderate,0,0
2024-08-09,11.258333333333333,15.895833333333334,9.924999999999999,3.783333333333333,343.8333333333333,22.34583333333333,19.9,25.9,45.6,2.308333333333333,90.70833333333333,869.9125,20.691666666666666,221.0409916169433,2024,8,August,4,Friday,0,Monsoon,11.2,55,15.0,14,55,PM2.5,Moderate,0,0
2024-08-10,16.391666666666666,23.825,9.645833333333334,3.4916666666666667,348.9583333333333,22.295833333333334,20.2,25.2,27.4,2.8541666666666665,91.08333333333333,868.8583333333332,20.716666666666665,1.2295617686480662,2024,8,August,5,Saturday,1,Monsoon,16.3,64,23.0,21,64,PM2.5,Moderate,0,0
2024-08-11,14.858333333333334,21.05,7.495833333333334,3.079166666666667,326.0,22.087500000000002,19.9,26.0,19.3,2.325,91.91666666666667,868.125,20.679166666666667,129.54370489991493,2024,8,August,6,Sunday,1,Monsoon,14.8,62,21.0,19,62,PM2.5,Moderate,0,0
2024-08-12,19.208333333333332,27.22083333333333,9.720833333333333,3.3041666666666667,434.125,22.758333333333336,20.2,26.1,24.0,2.6750000000000003,90.25,869.2458333333334,20.970833333333335,65.74007938440285,2024,8,August,0,Monday,0,Monsoon,19.2,70,27.0,25,70,PM2.5,Moderate,0,0
2024-08-13,22.670833333333334,32.30833333333333,10.558333333333334,3.2541666666666664,476.5416666666667,22.97083333333333,20.0,26.1,33.6,2.6041666666666665,90.625,870.2708333333334,21.283333333333335,72.39548906461557,2024,8,August,1,Tuesday,0,Monsoon,22.6,76,32.0,30,76,PM2.5,Moderate,0,0
2024-08-14,22.166666666666668,31.5625,12.433333333333332,5.5125,475.0833333333333,22.974999999999998,20.9,26.1,9.3,2.6166666666666667,89.75,870.5,21.1625,107.86178568356269,2024,8,August,2,Wednesday,0,Monsoon,22.1,75,31.0,29,75,PM2.5,Moderate,0,0
2024-08-15,21.508333333333336,30.9375,14.25,5.566666666666666,535.8333333333334,23.833333333333332,20.0,28.6,13.1,3.216666666666667,84.125,869.7291666666666,20.816666666666666,267.11391887937424,2024,8,August,3,Thursday,0,Monsoon,21.5,74,30.0,28,74,PM2.5,Moderate,0,0
2024-08-16,22.587500000000002,32.4625,12.125,4.904166666666667,500.7916666666667,23.325,20.2,27.7,4.0,3.1374999999999997,84.54166666666667,869.725,20.4375,154.18399234415494,2024,8,August,4,Friday,0,Monsoon,22.5,76,32.0,30,76,PM2.5,Moderate,0,0
2024-08-17,22.004166666666666,31.875,11.029166666666667,4.608333333333333,476.5,23.287499999999998,20.5,28.1,11.700000000000001,3.783333333333333,84.83333333333333,870.4208333333332,20.379166666666666,177.55726675058446,2024,8,August,5,Saturday,1,Monsoon,22.0,75,31.0,29,75,PM2.5,Moderate,0,0
2024-08-18,11.612499999999999,16.383333333333333,8.924999999999999,3.8166666666666664,374.375,23.474999999999998,19.7,29.3,3.2,3.8833333333333333,83.91666666666667,870.8541666666666,20.3875,119.27343521707736,2024,8,August,6,Sunday,1,Monsoon,11.6,56,16.0,15,56,PM2.5,Moderate,0,0
2024-08-19,14.299999999999999,20.4375,10.25,4.116666666666666,424.9583333333333,23.045833333333334,19.1,26.6,5.4,3.783333333333333,84.29166666666667,869.6916666666666,20.054166666666667,232.34862272592397,2024,8,August,0,Monday,0,Monsoon,14.3,61,20.0,19,61,PM2.5,Moderate,0,0
2024-08-20,15.933333333333332,22.224999999999998,10.604166666666666,4.183333333333334,418.625,21.75,20.0,24.9,19.7,2.9791666666666665,90.45833333333333,870.7208333333333,20.0625,315.7946019048549,2024,8,August,1,Tuesday,0,Monsoon,15.9,64,22.0,20,64,PM2.5,Moderate,0,0
2024-08-21,18.683333333333334,26.087500000000002,12.116666666666667,4.079166666666667,407.3333333333333,21.84166666666667,19.7,25.4,14.1,2.8249999999999997,88.91666666666667,870.8791666666666,19.866666666666667,269.0252411360051,2024,8,August,2,Wednesday,0,Monsoon,18.6,69,26.0,24,69,PM2.5,Moderate,0,0
2024-08-22,20.141666666666666,28.28333333333333,14.025,4.8374999999999995,470.5,22.004166666666666,19.1,26.0,3.1,2.6458333333333335,89.375,870.0291666666667,20.066666666666666,118.80799824513805,2024,8,August,3,Thursday,0,Monsoon,20.1,71,28.0,26,71,PM2.5,Moderate,0,0
2024-08-23,16.583333333333332,23.495833333333334,10.766666666666666,3.775,417.7916666666667,22.354166666666668,19.0,26.8,6.2,3.0541666666666667,88.375,870.5083333333333,20.241666666666667,169.68832212186638,2024,8,August,4,Friday,0,Monsoon,16.5,65,23.0,21,65,PM2.5,Moderate,0,0
2024-08-24,11.329166666666666,16.283333333333335,9.333333333333334,3.6791666666666667,359.6666666666667,22.825,19.0,27.5,5.4,3.6750000000000003,84.83333333333333,870.4333333333334,19.962500000000002,119.68398249675236,2024,8,August,5,Saturday,1,Monsoon,11.3,55,16.0,15,55,PM2.5,Moderate,0,0
2024-08-25,17.170833333333334,24.795833333333334,12.029166666666667,4.625,426.1666666666667,22.983333333333334,18.8,27.2,12.0,2.7708333333333335,83.45833333333333,868.6583333333333,19.912499999999998,150.34753933460934,2024,8,August,6,Sunday,1,Monsoon,17.1,66,24.0,22,66,PM2.5,Moderate,0,0
2024-08-26,21.59583333333333,31.120833333333334,14.4625,4.920833333333333,535.125,22.208333333333332,19.2,26.1,4.7,2.4375,84.625,869.5333333333333,19.404166666666665,181.740059523414,2024,8,August,0,Monday,0,Monsoon,21.5,74,31.0,29,74,PM2.5,Moderate,0,0
2024-08-27,13.270833333333334,18.925,11.924999999999999,3.3541666666666665,416.5416666666667,22.120833333333334,19.0,26.1,16.5,2.620833333333333,87.16666666666667,870.8583333333332,19.758333333333333,133.69153342262558,2024,8,August,1,Tuesday,0,Monsoon,13.2,59,18.0,17,59,PM2.5,Moderate,0,0
2024-08-28,18.754166666666666,26.704166666666666,13.358333333333333,4.570833333333334,441.9583333333333,22.491666666666664,18.3,27.3,6.800000000000001,2.8249999999999997,88.04166666666667,870.1166666666667,20.287499999999998,175.7987807398162,2024,8,August,2,Wednesday,0,Monsoon,18.7,69,26.0,24,69,PM2.5,Moderate,0,0
2024-08-29,22.97083333333333,32.75833333333333,12.458333333333334,3.85,479.0,22.566666666666666,18.2,26.8,5.8,3.220833333333333,86.66666666666667,870.4,20.087500000000002,170.6066748357967,2024,8,August,3,Thursday,0,Monsoon,22.9,77,32.0,30,77,PM2.5,Moderate,0,0
2024-08-30,19.05,27.212500000000002,15.158333333333333,5.575,565.6666666666666,23.425,19.1,27.9,2.5,2.966666666666667,83.41666666666667,871.0666666666666,20.308333333333334,174.77426630448613,2024,8,August,4,Friday,0,Monsoon,19.0,69,27.0,25,69,PM2.5,Moderate,0,0
2024-08-31,17.133333333333333,24.46666666666667,11.245833333333332,5.4750000000000005,494.5,23.858333333333334,19.9,29.2,16.9,3.3833333333333333,82.79166666666667,870.9250000000001,20.516666666666666,170.2672571530881,2024,8,August,5,Saturday,1,Monsoon,17.1,66,24.0,22,66,PM2.5,Moderate,0,0
2024-09-01,15.258333333333333,21.829166666666666,11.85,5.066666666666667,432.9583333333333,21.8125,19.4,24.7,7.7,2.279166666666667,89.625,871.625,19.966666666666665,134.6506173630374,2024,9,September,6,Sunday,1,Monsoon,15.2,62,21.0,19,62,PM2.5,Moderate,0,0
2024-09-02,15.533333333333333,22.645833333333332,12.487499999999999,4.145833333333333,441.7916666666667,22.25,19.2,26.1,4.2,3.454166666666667,86.5,871.6833333333334,19.770833333333332,186.30114161957164,2024,9,September,0,Monday,0,Monsoon,15.5,63,22.0,20,63,PM2.5,Moderate,0,0
2024-09-03,17.337500000000002,25.27916666666667,12.520833333333334,5.145833333333333,464.7916666666667,22.458333333333332,19.2,27.6,12.9,2.9625,86.125,871.5166666666668,19.858333333333334,169.86142572363755,2024,9,September,1,Tuesday,0,Monsoon,17.3,66,25.0,23,66,PM2.5,Moderate,0,0
2024-09-04,16.566666666666666,23.745833333333334,10.145833333333334,4.379166666666666,441.375,21.775000000000002,18.9,25.5,16.099999999999998,3.033333333333333,88.45833333333333,868.1916666666666,19.666666666666668,215.98469760094662,2024,9,September,2,Wednesday,0,Monsoon,16.5,65,23.0,21,65,PM2.5,Moderate,0,0
2024-09-05,14.145833333333334,20.191666666666666,8.541666666666666,3.6625,393.75,22.27916666666667,18.9,25.5,31.3,2.433333333333333,87.54166666666667,868.5083333333333,20.029166666666665,292.96480682368525,2024,9,September,3,Thursday,0,Monsoon,14.1,60,20.0,19,60,PM2.5,Moderate,0,0
2024-09-06,15.804166666666667,22.570833333333336,11.233333333333334,3.8833333333333333,425.9166666666667,22.0625,20.2,27.2,9.700000000000001,3.091666666666667,90.08333333333333,870.125,20.279166666666665,101.74363985655069,2024,9,September,4,Friday,0,Monsoon,15.8,63,22.0,20,63,PM2.5,Moderate,0,0
2024-09-07,17.662499999999998,25.27916666666667,14.229166666666666,6.066666666666666,531.7083333333334,23.0625,19.0,27.7,10.1,3.9875000000000003,84.70833333333333,870.1208333333334,20.154166666666665,165.18880670216123,2024,9,September,5,Saturday,1,Monsoon,17.6,67,25.0,23,67,PM2.5,Moderate,0,0
2024-09-08,18.583333333333332,26.575,13.233333333333334,6.358333333333333,543.7916666666666,24.03333333333333,20.1,28.6,0.4,4.395833333333333,78.75,869.6875,19.837500000000002,196.37275351679602,2024,9,September,6,Sunday,1,Monsoon,18.5,69,26.0,24,69,PM2.5,Moderate,0,0
2024-09-09,18.4875,26.441666666666666,12.529166666666667,5.333333333333333,516.125,22.820833333333336,19.3,27.1,1.9,3.2916666666666665,85.75,868.1999999999999,20.191666666666666,147.31387536749727,2024,9,September,0,Monday,0,Monsoon,18.4,68,26.0,24,68,PM2.5,Moderate,0,0
2024-09-10,15.908333333333333,23.0625,12.3375,5.0,478.25,23.087500000000002,19.2,27.6,4.1000000000000005,3.8708333333333336,84.66666666666667,868.2833333333333,20.166666666666668,166.8337774948819,2024,9,September,1,Tuesday,0,Monsoon,15.9,64,23.0,21,64,PM2.5,Moderate,0,0
2024-09-11,10.566666666666666,15.487499999999999,7.058333333333334,3.2083333333333335,324.4583333333333,22.983333333333334,19.6,28.5,15.9,4.154166666666667,84.95833333333333,868.9916666666667,20.158333333333335,138.26857959918956,2024,9,September,2,Wednesday,0,Monsoon,10.5,54,15.0,14,54,PM2.5,Moderate,0,0
2024-09-12,11.458333333333334,16.479166666666668,9.779166666666667,3.220833333333333,374.7916666666667,22.59166666666667,19.4,27.8,22.1,3.3249999999999997,85.375,869.0666666666666,19.908333333333335,138.13479274565486,2024,9,September,3,Thursday,0,Monsoon,11.4,55,16.0,15,55,PM2.5,Moderate,0,0
2024-09-13,17.516666666666666,25.141666666666666,13.216666666666667,5.05,525.875,22.5625,19.2,27.6,25.9,3.5041666666666664,86.0,867.2875,20.0,158.63687596955376,2024,9,September,4,Friday,0,Monsoon,17.5,67,25.0,23,67,PM2.5,Moderate,0,0
2024-09-14,18.079166666666666,25.854166666666668,11.3125,4.75,490.75,21.870833333333334,18.6,27.0,14.4,2.9375,87.25,867.5625,19.516666666666666,154.61365358039453,2024,9,September,5,Saturday,1,Monsoon,18.0,68,25.0,23,68,PM2.5,Moderate,0,0
2024-09-15,15.25,21.787499999999998,10.683333333333332,3.920833333333333,416.7083333333333,21.604166666666668,18.7,24.8,4.7,3.8083333333333336,87.20833333333333,867.8333333333334,19.316666666666666,265.17608874422785,2024,9,September,6,Sunday,1,Monsoon,15.2,62,21.0,19,62,PM2.5,Moderate,0,0
2024-09-16,18.591666666666665,26.583333333333332,10.625,4.316666666666666,400.7916666666667,21.7625,18.9,25.5,1.0,3.783333333333333,85.66666666666667,869.8874999999999,19.095833333333335,212.56508544927271,2024,9,September,0,Monday,0,Monsoon,18.5,69,26.0,24,69,PM2.5,Moderate,0,0
2024-09-17,22.141666666666666,32.108333333333334,14.229166666666666,4.95,478.2916666666667,21.241666666666667,18.5,25.7,14.9,3.6125000000000003,87.75,871.0041666666666,19.058333333333334,150.90759424372442,2024,9,September,1,Tuesday,0,Monsoon,22.1,75,32.0,30,75,PM2.5,Moderate,0,0
2024-09-18,19.654166666666665,28.708333333333332,13.245833333333332,5.129166666666666,497.2083333333333,22.979166666666668,18.6,28.5,5.0,2.5083333333333333,85.83333333333333,871.0625,20.287499999999998,138.69130853228933,2024,9,September,2,Wednesday,0,Monsoon,19.6,71,28.0,26,71,PM2.5,Moderate,0,0
2024-09-19,19.420833333333334,28.03333333333333,13.133333333333333,5.05,538.5833333333334,23.670833333333334,18.7,28.7,2.4,4.066666666666666,82.83333333333333,870.7583333333333,20.329166666666666,233.01182868629567,2024,9,September,3,Thursday,0,Monsoon,19.4,70,28.0,26,70,PM2.5,Moderate,0,0
2024-09-20,17.279166666666665,24.837500000000002,14.733333333333334,5.3125,580.6666666666666,23.479166666666668,18.9,28.0,3.1,3.4875000000000003,84.16666666666667,871.0124999999999,20.470833333333335,159.65676120008843,2024,9,September,4,Friday,0,Monsoon,17.2,66,24.0,22,66,PM2.5,Moderate,0,0
2024-09-21,16.641666666666666,23.870833333333334,14.741666666666667,4.566666666666666,523.9583333333334,23.129166666666666,20.8,26.6,0.4,2.5208333333333335,82.54166666666667,871.7166666666667,19.816666666666666,144.79645171917858,2024,9,September,5,Saturday,1,Monsoon,16.6,65,23.0,21,65,PM2.5,Moderate,0,0
2024-09-22,21.525000000000002,30.9875,15.4125,6.016666666666667,593.0833333333334,24.78333333333333,20.8,30.1,0.2,3.704166666666667,77.625,871.1999999999999,20.329166666666666,165.02396089181877,2024,9,September,6,Sunday,1,Monsoon,21.5,74,30.0,28,74,PM2.5,Moderate,0,0
2024-09-23,21.308333333333334,30.633333333333336,14.508333333333333,5.9875,648.8333333333334,24.037499999999998,20.3,29.4,0.4,3.845833333333333,80.41666666666667,871.15,20.304166666666667,190.63753618263564,2024,9,September,0,Monday,0,Monsoon,21.3,74,30.0,28,74,PM2.5,Moderate,0,0
2024-09-24,19.5625,28.120833333333334,12.554166666666667,5.833333333333333,561.8333333333334,23.275000000000002,20.1,27.6,9.4,3.8125,84.54166666666667,871.2291666666666,20.383333333333333,202.8491943794035,2024,9,September,1,Tuesday,0,Monsoon,19.5,70,28.0,26,70,PM2.5,Moderate,0,0
2024-09-25,14.954166666666666,21.379166666666666,10.916666666666666,5.579166666666667,520.875,21.599999999999998,20.0,24.2,5.3,2.25,92.66666666666667,871.3541666666666,20.3375,333.55519887102935,2024,9,September,2,Wednesday,0,Monsoon,14.9,62,21.0,19,62,PM2.5,Moderate,0,0
2024-09-26,8.233333333333333,11.758333333333333,7.929166666666666,3.908333333333333,341.7083333333333,21.233333333333334,20.0,23.4,86.5,4.316666666666666,90.625,870.9125,19.625,115.02695230372369,2024,9,September,3,Thursday,0,Monsoon,8.2,46,11.0,10,46,PM2.5,Good,0,0
2024-09-27,3.7416666666666667,5.320833333333334,7.591666666666666,3.1750000000000003,261.375,19.854166666666668,19.3,20.9,164.9,5.029166666666667,93.875,871.2083333333334,18.837500000000002,122.01402871064707,2024,9,September,4,Friday,0,Monsoon,3.7,21,5.0,5,21,PM2.5,Good,0,0
2024-09-28,6.154166666666666,8.775,14.979166666666666,9.387500000000001,443.9166666666667,19.491666666666667,18.2,20.6,76.4,3.966666666666667,93.79166666666667,871.7083333333334,18.45,142.32117289974954,2024,9,September,5,Saturday,1,Monsoon,6.1,34,8.0,7,34,PM2.5,Good,0,0
2024-09-29,14.620833333333332,20.895833333333332,12.429166666666667,6.670833333333333,435.75,21.016666666666666,17.2,24.7,4.0,3.408333333333333,90.375,872.1458333333334,19.287499999999998,228.5232542936903,2024,9,September,6,Sunday,1,Monsoon,14.6,61,20.0,19,61,PM2.5,Moderate,0,0
2024-09-30,21.45,30.6375,7.908333333333334,2.183333333333333,371.9166666666667,21.71666666666667,17.2,25.9,0.5,4.004166666666666,89.625,870.5458333333332,19.829166666666666,209.71972196441112,2024,9,September,0,Monday,0,Monsoon,21.4,74,30.0,28,74,PM2.5,Moderate,0,0
2024-10-01,16.474999999999998,23.695833333333336,4.841666666666667,2.154166666666667,329.25,22.333333333333332,17.5,26.5,1.9,3.8666666666666667,89.125,869.3916666666668,20.308333333333334,196.01048672168346,2024,10,October,1,Tuesday,0,Post-Monsoon,16.4,65,23.0,21,65,PM2.5,Moderate,0,0
2024-10-02,18.808333333333334,27.78333333333333,6.366666666666667,2.8541666666666665,400.9583333333333,21.708333333333332,19.3,26.7,18.3,2.6125000000000003,90.0,869.3125,19.883333333333333,189.40709777032276,2024,10,October,2,Wednesday,0,Post-Monsoon,18.8,69,27.0,25,69,PM2.5,Moderate,0,0
2024-10-03,15.154166666666667,21.933333333333334,6.166666666666667,3.2458333333333336,361.4583333333333,20.8,18.9,24.7,5.8,2.5625,90.04166666666667,869.7583333333333,19.037499999999998,272.1951273512991,2024,10,October,3,Thursday,0,Post-Monsoon,15.1,62,21.0,19,62,PM2.5,Moderate,0,0
2024-10-04,10.325000000000001,14.825000000000001,5.470833333333334,1.7125000000000001,326.3333333333333,21.045833333333334,18.7,24.4,1.5,3.6374999999999997,90.41666666666667,870.7541666666666,19.333333333333332,325.05401018162445,2024,10,October,4,Friday,0,Post-Monsoon,10.3,53,14.0,13,53,PM2.5,Moderate,0,0
2024-10-05,10.804166666666667,15.804166666666667,6.7124999999999995,2.4708333333333337,338.9583333333333,20.825,17.7,24.5,1.1,2.7916666666666665,89.91666666666667,872.7583333333333,19.008333333333333,358.8675942368371,2024,10,October,5,Saturday,1,Post-Monsoon,10.8,54,15.0,14,54,PM2.5,Moderate,0,0
2024-10-06,14.458333333333334,20.6875,10.137500000000001,2.841666666666667,402.2083333333333,20.745833333333334,16.9,25.1,0.7000000000000001,3.1,88.125,875.1291666666666,18.5625,213.5850082160112,2024,10,October,6,Sunday,1,Post-Monsoon,14.4,61,20.0,19,61,PM2.5,Moderate,0,0
2024-10-07,15.120833333333332,21.583333333333332,11.366666666666667,4.120833333333334,449.5416666666667,20.75,16.4,25.5,1.6,4.2749999999999995,86.0,876.1458333333334,18.091666666666665,225.22781506762564,2024,10,October,0,Monday,0,Post-Monsoon,15.1,62,21.0,19,62,PM2.5,Moderate,0,0
2024-10-08,16.3125,23.366666666666664,10.566666666666666,3.9499999999999997,489.0416666666667,20.3625,15.0,25.1,0.2,4.329166666666667,86.16666666666667,874.6291666666666,17.766666666666666,207.11289139354653,2024,10,October,1,Tuesday,0,Post-Monsoon,16.3,64,23.0,21,64,PM2.5,Moderate,0,0
2024-10-09,16.204166666666666,23.241666666666664,9.704166666666667,4.145833333333333,432.0833333333333,20.0,14.7,24.9,0.5,4.420833333333333,85.45833333333333,872.5749999999999,17.229166666666668,222.95381240798346,2024,10,October,2,Wednesday,0,Post-Monsoon,16.2,64,23.0,21,64,PM2.5,Moderate,0,0
2024-10-10,26.508333333333336,39.34166666666667,9.079166666666667,3.891666666666667,431.0,20.233333333333334,14.4,24.4,0.7000000000000001,4.108333333333333,82.58333333333333,871.7375000000001,16.983333333333334,233.67693146253507,2024,10,October,3,Thursday,0,Post-Monsoon,26.5,83,39.0,36,83,PM2.5,Moderate,0,0
2024-10-11,38.699999999999996,58.35,10.262500000000001,3.9416666666666664,556.1666666666666,20.025000000000002,15.0,25.1,0.39999999999999997,5.2749999999999995,84.0,871.5500000000001,16.883333333333333,235.3269863288725,2024,10,October,4,Friday,0,Post-Monsoon,38.6,109,58.0,52,109,PM2.5,Unhealthy for Sensitive Groups,1,0
2024-10-12,32.170833333333334,47.975,11.887500000000001,6.183333333333334,622.625,19.3625,12.1,24.9,0.2,4.683333333333334,80.66666666666667,872.7291666666666,15.591666666666667,221.72875816538198,2024,10,October,5,Saturday,1,Post-Monsoon,32.1,94,47.0,44,94,PM2.5,Moderate,0,0
2024-10-13,32.550000000000004,48.45416666666667,11.700000000000001,6.654166666666666,633.2083333333334,19.325,12.7,24.0,0.6,4.170833333333333,80.375,873.9125,15.487499999999999,202.62089554171249,2024,10,October,6,Sunday,1,Post-Monsoon,32.5,95,48.0,44,95,PM2.5,Moderate,0,0
2024-10-14,34.24166666666667,51.95416666666667,11.495833333333332,8.420833333333333,628.5833333333334,18.791666666666668,14.3,22.6,1.5,3.970833333333333,89.04166666666667,873.6458333333334,16.775000000000002,204.1341222889925,2024,10,October,0,Monday,0,Post-Monsoon,34.2,98,51.0,47,98,PM2.5,Moderate,0,0
2024-10-15,34.362500000000004,51.62916666666666,12.158333333333333,7.2250000000000005,645.875,18.170833333333334,14.7,23.7,1.5,4.0249999999999995,88.83333333333333,872.4166666666666,16.083333333333332,191.60253386375874,2024,10,October,1,Tuesday,0,Post-Monsoon,34.3,98,51.0,47,98,PM2.5,Moderate,0,0
2024-10-16,36.079166666666666,57.44166666666666,12.1,6.1375,629.75,18.754166666666666,14.5,23.1,2.8,3.1,86.79166666666667,873.15,16.316666666666666,125.0159639438916,2024,10,October,2,Wednesday,0,Post-Monsoon,36.0,102,57.0,52,102,PM2.5,Unhealthy for Sensitive Groups,1,0
2024-10-17,43.79583333333333,73.05,12.483333333333334,8.033333333333333,625.9166666666666,17.483333333333334,13.8,22.1,7.2,3.558333333333333,89.95833333333333,872.8000000000001,15.700000000000001,218.9479094901535,2024,10,October,3,Thursday,0,Post-Monsoon,43.7,121,73.0,60,121,PM2.5,Unhealthy for Sensitive Groups,1,0
2024-10-18,51.46666666666667,84.32916666666667,11.304166666666667,7.133333333333333,625.5,17.745833333333334,13.6,21.9,0.30000000000000004,3.8874999999999997,88.54166666666667,872.7083333333334,15.679166666666667,218.64933320013768,2024,10,October,4,Friday,0,Post-Monsoon,51.4,140,84.0,65,140,PM2.5,Unhealthy for Sensitive Groups,1,0
2024-10-19,49.74583333333334,78.70833333333333,10.179166666666665,4.995833333333334,581.875,17.900000000000002,13.6,22.5,2.0,3.891666666666667,84.04166666666667,873.6083333333332,14.866666666666667,212.49859711398585,2024,10,October,5,Saturday,1,Post-Monsoon,49.7,136,78.0,62,136,PM2.5,Unhealthy for Sensitive Groups,1,0
2024-10-20,49.67083333333333,77.72916666666667,11.0,4.791666666666667,616.625,17.270833333333332,12.7,22.3,0.6,3.141666666666667,88.95833333333333,874.8416666666667,15.299999999999999,176.93396071477179,2024,10,October,6,Sunday,1,Post-Monsoon,49.6,136,77.0,62,136,PM2.5,Unhealthy for Sensitive Groups,1,0
2024-10-21,37.38333333333333,57.229166666666664,14.612499999999999,5.229166666666667,757.8333333333334,17.404166666666665,12.3,23.8,0.9,4.866666666666666,80.79166666666667,874.5916666666667,13.741666666666667,145.9159545110128,2024,10,October,0,Monday,0,Post-Monsoon,37.3,105,57.0,52,105,PM2.5,Unhealthy for Sensitive Groups,1,0
2024-10-22,22.900000000000002,34.737500000000004,16.125,5.145833333333333,748.125,18.320833333333333,13.2,24.2,0.9,4.2625,73.125,874.6374999999999,13.220833333333333,163.96702807133897,2024,10,October,1,Tuesday,0,Post-Monsoon,22.9,77,34.0,31,77,PM2.5,Moderate,0,0
2024-10-23,16.370833333333334,23.9875,15.433333333333332,4.520833333333333,574.7916666666666,19.891666666666666,14.9,27.0,0.0,4.508333333333334,68.5,874.2083333333334,13.1625,160.42920404924757,2024,10,October,2,Wednesday,0,Post-Monsoon,16.3,64,23.0,21,64,PM2.5,Moderate,0,0
2024-10-24,17.141666666666666,24.808333333333334,12.691666666666668,5.4624999999999995,511.9583333333333,20.004166666666666,16.0,24.7,0.0,2.8791666666666664,79.58333333333333,873.7958333333332,16.066666666666666,233.6107983604748,2024,10,October,3,Thursday,0,Post-Monsoon,17.1,66,24.0,22,66,PM2.5,Moderate,0,0
2024-10-25,19.154166666666665,27.55,8.925,4.3374999999999995,425.5416666666667,18.516666666666666,14.0,24.0,1.9,3.4499999999999997,85.75,873.3583333333332,15.799999999999999,185.84545497116653,2024,10,October,4,Friday,0,Post-Monsoon,19.1,70,27.0,25,70,PM2.5,Moderate,0,0
2024-10-26,22.233333333333334,32.770833333333336,13.516666666666666,3.3708333333333336,924.6666666666666,19.087500000000002,13.5,23.9,0.0,3.954166666666667,81.41666666666667,873.3541666666666,15.658333333333333,164.62719424512957,2024,10,October,5,Saturday,1,Post-Monsoon,22.2,75,32.0,30,75,PM2.5,Moderate,0,0
2024-10-27,20.662499999999998,30.545833333333334,16.520833333333332,5.283333333333333,910.4583333333334,19.587500000000002,15.0,24.8,0.4,4.470833333333333,79.04166666666667,872.4083333333333,15.670833333333334,171.09571197141378,2024,10,October,6,Sunday,1,Post-Monsoon,20.6,72,30.0,28,72,PM2.5,Moderate,0,0
2024-10-28,17.366666666666667,25.416666666666668,13.679166666666667,4.516666666666667,872.6666666666666,18.954166666666666,12.8,24.3,0.0,4.033333333333333,80.33333333333333,871.6916666666666,15.295833333333334,170.96133607786362,2024,10,October,0,Monday,0,Post-Monsoon,17.3,66,25.0,23,66,PM2.5,Moderate,0,0
2024-10-29,17.433333333333334,25.233333333333334,12.5625,4.133333333333334,864.9166666666666,18.941666666666666,12.8,24.2,0.1,4.1499999999999995,81.41666666666667,871.7624999999999,15.4,200.82877034300336,2024,10,October,1,Tuesday,0,Post-Monsoon,17.4,66,25.0,23,66,PM2.5,Moderate,0,0
2024-10-30,26.650000000000002,39.93333333333333,12.283333333333333,5.670833333333333,929.0416666666666,18.466666666666665,13.6,23.3,1.8,4.045833333333333,85.75,872.7708333333334,15.799999999999999,205.7091174392645,2024,10,October,2,Wednesday,0,Post-Monsoon,26.6,84,39.0,36,84,PM2.5,Moderate,0,0
2024-10-31,41.37083333333333,66.61666666666666,12.708333333333334,8.0,1098.0833333333333,18.3,13.6,23.2,1.8,3.9125,83.625,872.75,15.2125,212.4345147454489,2024,10,October,3,Thursday,0,Post-Monsoon,41.3,115,66.0,56,115,PM2.5,Unhealthy for Sensitive Groups,1,0
2024-11-01,52.520833333333336,84.8875,13.533333333333333,10.416666666666666,1001.2083333333334,18.454166666666666,13.6,23.9,5.1,3.0749999999999997,85.04166666666667,874.4916666666667,15.625,169.21407000717173,2024,11,November,4,Friday,0,Post-Monsoon,52.5,143,84.0,65,143,PM2.5,Unhealthy for Sensitive Groups,1,0
2024-11-02,54.475,87.25833333333333,15.112499999999999,9.529166666666667,1173.25,18.287499999999998,13.6,23.2,0.8,3.5749999999999997,86.29166666666667,875.5500000000001,15.741666666666667,202.85779012093533,2024,11,November,5,Saturday,1,Post-Monsoon,54.4,148,87.0,67,148,PM2.5,Unhealthy for Sensitive Groups,1,0
2024-11-03,44.59166666666667,71.50416666666666,16.079166666666666,7.370833333333334,1198.5,18.054166666666667,13.4,23.6,4.6000000000000005,3.6125000000000003,86.04166666666667,875.3958333333334,15.545833333333334,196.15319026255062,2024,11,November,6,Sunday,1,Post-Monsoon,44.5,123,71.0,59,123,PM2.5,Unhealthy for Sensitive Groups,1,0
2024-11-04,42.63333333333333,66.13333333333334,16.170833333333334,7.254166666666666,1069.8333333333333,16.820833333333333,14.3,20.1,3.8000000000000003,2.9333333333333336,86.66666666666667,875.3291666666668,14.516666666666666,160.17852069821237,2024,11,November,0,Monday,0,Post-Monsoon,42.6,118,66.0,56,118,PM2.5,Unhealthy for Sensitive Groups,1,0
2024-11-05,26.833333333333332,39.833333333333336,16.5625,5.570833333333333,1020.8333333333334,17.212500000000002,13.0,22.5,2.2,3.1458333333333335,77.41666666666667,875.9250000000001,13.033333333333333,160.59182601866965,2024,11,November,1,Tuesday,0,Post-Monsoon,26.8,84,39.0,36,84,PM2.5,Moderate,0,0
2024-11-06,18.820833333333333,27.875,15.258333333333333,5.295833333333333,1147.2083333333333,17.662499999999998,13.3,22.7,0.0,4.545833333333333,67.16666666666667,875.9875000000001,11.258333333333333,142.96778036209594,2024,11,November,2,Wednesday,0,Post-Monsoon,18.8,69,27.0,25,69,PM2.5,Moderate,0,0
2024-11-07,23.958333333333332,36.358333333333334,15.670833333333334,6.824999999999999,1015.6666666666666,17.358333333333334,13.0,22.7,0.0,3.9625,66.79166666666667,875.5,10.783333333333333,143.05529751671432,2024,11,November,3,Thursday,0,Post-Monsoon,23.9,79,36.0,33,79,PM2.5,Moderate,0,0
2024-11-08,30.170833333333334,46.487500000000004,13.916666666666666,6.620833333333334,941.25,17.175,12.5,21.3,0.0,3.779166666666667,79.20833333333333,875.4666666666667,13.404166666666667,191.72183847035026,2024,11,November,4,Friday,0,Post-Monsoon,30.1,90,46.0,43,90,PM2.5,Moderate,0,0
2024-11-09,36.57083333333333,57.42083333333334,15.070833333333333,6.0249999999999995,1035.4583333333333,16.504166666666666,11.9,21.9,0.0,4.075,82.83333333333333,875.225,13.308333333333332,194.68944767081638,2024,11,November,5,Saturday,1,Post-Monsoon,36.5,103,57.0,52,103,PM2.5,Unhealthy for Sensitive Groups,1,0
2024-11-10,41.19166666666667,65.34583333333333,15.270833333333334,7.1000000000000005,1123.3333333333333,17.2,12.0,22.2,2.4,4.083333333333333,79.58333333333333,875.5041666666666,13.4,193.30398965594475,2024,11,November,6,Sunday,1,Post-Monsoon,41.1,115,65.0,56,115,PM2.5,Unhealthy for Sensitive Groups,1,0
2024-11-11,44.5,69.60833333333333,14.495833333333335,7.479166666666667,959.8333333333334,16.841666666666665,12.2,22.1,0.6000000000000001,4.670833333333333,79.08333333333333,874.6625,12.916666666666666,193.29554177362908,2024,11,November,0,Monday,0,Post-Monsoon,44.5,123,69.0,58,123,PM2.5,Unhealthy for Sensitive Groups,1,0
2024-11-12,51.050000000000004,69.52083333333333,13.6875,9.566666666666666,893.1666666666666,15.904166666666667,10.4,21.6,0.8999999999999999,4.254166666666666,79.375,873.15,12.012500000000001,190.63526704924567,2024,11,November,1,Tuesday,0,Post-Monsoon,51.0,139,69.0,58,139,PM2.5,Unhealthy for Sensitive Groups,1,0
2024-11-13,71.05,76.03750000000001,15.695833333333333,12.620833333333332,964.0833333333334,16.841666666666665,11.0,23.3,0.5,2.7375000000000003,78.125,873.1708333333332,12.570833333333333,167.33050863970624,2024,11,November,2,Wednesday,0,Post-Monsoon,71.0,162,76.0,61,162,PM2.5,Unhealthy,1,1
2024-11-14,75.4375,82.05,16.020833333333332,12.674999999999999,1010.1666666666666,15.945833333333333,10.0,22.1,0.0,3.8125,81.29166666666667,873.75,12.379166666666668,195.79923146549328,2024,11,November,3,Thursday,0,Post-Monsoon,75.4,165,82.0,64,165,PM2.5,Unhealthy,1,1
2024-11-15,80.99583333333334,86.6375,16.391666666666666,10.708333333333334,1163.4583333333333,15.808333333333335,9.6,22.7,0.0,3.845833333333333,82.20833333333333,872.3625000000001,12.420833333333334,164.22278858952964,2024,11,November,4,Friday,0,Post-Monsoon,80.9,169,86.0,66,169,PM2.5,Unhealthy,1,1
2024-11-16,81.80416666666666,86.19166666666666,12.270833333333334,7.979166666666667,1039.5,16.008333333333333,9.4,22.6,0.0,3.2624999999999997,81.95833333333333,872.0041666666666,12.495833333333332,152.7551359187936,2024,11,November,5,Saturday,1,Post-Monsoon,81.8,169,86.0,66,169,PM2.5,Unhealthy,1,1
2024-11-17,79.33749999999999,83.22500000000001,15.350000000000001,12.8375,939.5833333333334,15.1625,10.2,21.5,0.0,3.0833333333333335,81.0,872.4958333333334,11.525,199.1592393496621,2024,11,November,6,Sunday,1,Post-Monsoon,79.3,168,83.0,65,168,PM2.5,Unhealthy,1,1
2024-11-18,55.354166666666664,57.083333333333336,17.683333333333334,9.370833333333334,952.1666666666666,14.608333333333334,9.4,20.4,0.0,3.8041666666666667,78.75,874.0083333333333,10.629166666666666,186.49647933454656,2024,11,November,0,Monday,0,Post-Monsoon,55.3,150,57.0,52,150,PM2.5,Unhealthy for Sensitive Groups,1,0
2024-11-19,50.30416666666667,51.862500000000004,18.804166666666667,10.4,906.2083333333334,14.666666666666666,8.8,19.7,1.5,2.858333333333334,77.79166666666667,874.1916666666666,10.604166666666666,177.96076157285825,2024,11,November,1,Tuesday,0,Post-Monsoon,50.3,137,51.0,47,137,PM2.5,Unhealthy for Sensitive Groups,1,0
2024-11-20,51.92916666666667,52.96666666666667,22.925,9.35,857.25,14.2875,10.3,19.3,2.2,2.779166666666667,77.54166666666667,873.4833333333332,10.129166666666666,176.236634244153,2024,11,November,2,Wednesday,0,Post-Monsoon,51.9,141,52.0,48,141,PM2.5,Unhealthy for Sensitive Groups,1,0
2024-11-21,51.27916666666667,52.770833333333336,19.195833333333333,8.591666666666667,1019.75,13.725,9.7,19.1,2.5,3.9166666666666665,78.95833333333333,872.9041666666667,9.85,155.40494936872662,2024,11,November,3,Thursday,0,Post-Monsoon,51.2,140,52.0,48,140,PM2.5,Unhealthy for Sensitive Groups,1,0
2024-11-22,57.8375,60.21666666666667,18.995833333333334,9.495833333333334,908.7916666666666,13.466666666666667,9.2,18.3,1.4,3.8000000000000003,76.625,872.6,9.158333333333333,173.2224389137356,2024,11,November,4,Friday,0,Post-Monsoon,57.8,153,60.0,53,153,PM2.5,Unhealthy,1,1
2024-11-23,60.31666666666666,63.112500000000004,19.1125,9.854166666666666,797.7916666666666,12.920833333333334,8.3,18.6,0.5,4.458333333333333,79.66666666666667,873.0375,9.133333333333333,197.16290737703838,2024,11,November,5,Saturday,1,Post-Monsoon,60.3,154,63.0,55,154,PM2.5,Unhealthy,1,1
2024-11-24,52.7125,54.67083333333333,17.083333333333332,11.204166666666666,863.0,12.7875,7.8,18.9,0.0,4.320833333333334,80.0,872.4375,8.975,176.0469748399223,2024,11,November,6,Sunday,1,Post-Monsoon,52.7,143,54.0,50,143,PM2.5,Unhealthy for Sensitive Groups,1,0
2024-11-25,70.55833333333334,72.87916666666666,15.408333333333333,15.920833333333334,771.9166666666666,14.320833333333333,8.8,19.7,0.1,2.9499999999999997,78.41666666666667,873.0375,10.120833333333334,198.2824832770489,2024,11,November,0,Monday,0,Post-Monsoon,70.5,162,72.0,59,162,PM2.5,Unhealthy,1,1
2024-11-26,117.15833333333335,123.95416666666667,16.266666666666666,24.15833333333333,806.3333333333334,13.887500000000001,10.6,19.1,1.4000000000000001,2.8958333333333335,83.91666666666667,872.6750000000001,10.895833333333334,229.95798020253142,2024,11,November,1,Tuesday,0,Post-Monsoon,117.1,194,123.0,85,194,PM2.5,Unhealthy,1,1
2024-11-27,119.15833333333335,129.03333333333333,20.2625,19.7375,877.0416666666666,12.866666666666667,6.9,18.8,0.7000000000000001,3.3874999999999997,80.375,872.6041666666666,9.066666666666666,176.07825271890874,2024,11,November,2,Wednesday,0,Post-Monsoon,119.1,196,129.0,88,196,PM2.5,Unhealthy,1,1
2024-11-28,95.64999999999999,103.84166666666665,23.320833333333336,15.029166666666667,932.6666666666666,13.291666666666666,6.8,19.9,0.6,3.0583333333333336,72.79166666666667,874.3333333333334,8.079166666666667,175.62084352148108,2024,11,November,3,Thursday,0,Post-Monsoon,95.6,179,103.0,75,179,PM2.5,Unhealthy,1,1
2024-11-29,57.55416666666667,61.07916666666667,20.379166666666666,10.450000000000001,886.7916666666666,13.608333333333334,8.4,19.9,0.0,3.483333333333333,72.66666666666667,874.1916666666666,8.375,173.26531891539275,2024,11,November,4,Friday,0,Post-Monsoon,57.5,152,61.0,54,152,PM2.5,Unhealthy,1,1
2024-11-30,44.90416666666667,48.0,18.916666666666668,10.875,1001.9166666666666,13.033333333333333,7.7,19.7,0.0,3.591666666666667,77.58333333333333,871.9958333333334,8.762500000000001,163.91123456065023,2024,11,November,5,Saturday,1,Post-Monsoon,44.9,124,48.0,44,124,PM2.5,Unhealthy for Sensitive Groups,1,0
2024-12-01,52.72083333333333,55.64166666666667,18.825,11.5875,1002.1666666666666,13.004166666666668,6.8,20.3,0.0,3.9625,76.91666666666667,870.25,8.441666666666666,162.44706774001853,2024,12,December,6,Sunday,1,Winter,52.7,143,55.0,51,143,PM2.5,Unhealthy for Sensitive Groups,1,0
2024-12-02,54.15416666666667,55.05416666666667,19.441666666666666,12.575000000000001,942.5416666666666,13.591666666666667,6.8,20.9,0.0,3.545833333333333,71.125,871.8958333333334,7.991666666666667,166.70404866481616,2024,12,December,0,Monday,0,Winter,54.1,147,55.0,51,147,PM2.5,Unhealthy for Sensitive Groups,1,0
2024-12-03,57.88333333333333,58.25,19.195833333333333,14.512500000000001,986.5,13.525,8.8,20.1,0.0,3.5666666666666664,67.70833333333333,871.6083333333332,7.395833333333333,164.83785022264408,2024,12,December,1,Tuesday,0,Winter,57.8,153,58.0,52,153,PM2.5,Unhealthy,1,1
2024-12-04,56.525,57.583333333333336,18.416666666666668,16.333333333333332,1171.1666666666667,13.070833333333333,7.9,20.8,0.0,3.8166666666666664,68.79166666666667,870.0875,7.058333333333334,170.3597340572579,2024,12,December,2,Wednesday,0,Winter,56.5,152,57.0,52,152,PM2.5,Unhealthy,1,1
2024-12-05,66.4875,68.15416666666667,16.408333333333335,16.337500000000002,1008.5,13.566666666666668,7.4,19.9,0.0,3.3083333333333336,75.08333333333333,870.3000000000001,8.866666666666665,177.65577951960782,2024,12,December,3,Thursday,0,Winter,66.4,159,68.0,57,159,PM2.5,Unhealthy,1,1
2024-12-06,62.2875,63.62916666666666,15.079166666666666,15.883333333333333,1220.7916666666667,12.9,9.1,19.1,0.0,4.05,82.66666666666667,869.6166666666667,9.6625,179.76222687175996,2024,12,December,4,Friday,0,Winter,62.2,156,63.0,55,156,PM2.5,Unhealthy,1,1
2024-12-07,74.30416666666666,75.98333333333333,15.083333333333334,15.545833333333334,1216.0,12.683333333333332,8.6,18.9,0.0,4.325,82.16666666666667,870.9083333333333,9.362499999999999,198.18739639407644,2024,12,December,5,Saturday,1,Winter,74.3,164,75.0,61,164,PM2.5,Unhealthy,1,1
2024-12-08,97.24166666666667,100.46666666666665,16.1875,16.904166666666665,1382.8333333333333,11.5,5.2,18.6,0.1,4.891666666666667,82.08333333333333,870.6374999999999,8.0625,191.95079414775012,2024,12,December,6,Sunday,1,Winter,97.2,180,100.0,73,180,PM2.5,Unhealthy,1,1
2024-12-09,93.58749999999999,98.19166666666666,14.012500000000001,14.470833333333333,1048.0416666666667,10.195833333333335,4.8,16.8,0.0,3.8041666666666667,73.625,870.25,5.279166666666667,202.53656425001773,2024,12,December,0,Monday,0,Winter,93.5,178,98.0,72,178,PM2.5,Unhealthy,1,1
2024-12-10,60.74583333333334,62.887499999999996,17.05,13.4125,731.2916666666666,9.958333333333334,5.6,16.0,0.0,3.045833333333333,60.916666666666664,870.1999999999999,2.3625000000000003,166.00190874741114,2024,12,December,1,Tuesday,0,Winter,60.7,155,62.0,54,155,PM2.5,Unhealthy,1,1
2024-12-11,59.94166666666666,61.225,20.5125,15.366666666666667,1204.6666666666667,11.358333333333334,5.8,18.4,0.0,3.8333333333333335,61.791666666666664,871.0,3.8833333333333333,168.5142677056791,2024,12,December,2,Wednesday,0,Winter,59.9,154,61.0,54,154,PM2.5,Unhealthy,1,1
2024-12-12,60.541666666666664,61.42083333333334,20.779166666666665,16.595833333333335,1108.9583333333333,12.516666666666666,7.8,19.2,0.0,4.4875,53.833333333333336,870.625,2.841666666666667,192.09608228637,2024,12,December,3,Thursday,0,Winter,60.5,155,61.0,54,155,PM2.5,Unhealthy,1,1
2024-12-13,62.875,63.449999999999996,19.870833333333334,18.6875,876.9583333333334,11.85,5.3,19.0,0.0,3.704166666666667,50.166666666666664,870.5791666666668,1.2708333333333333,179.59631662573858,2024,12,December,4,Friday,0,Winter,62.8,156,63.0,55,156,PM2.5,Unhealthy,1,1
2024-12-14,67.875,68.74166666666666,21.125,20.204166666666666,1099.625,10.595833333333333,4.3,17.8,0.0,4.0125,65.25,872.6958333333333,3.783333333333333,161.0330270404412,2024,12,December,5,Saturday,1,Winter,67.8,160,68.0,57,160,PM2.5,Unhealthy,1,1
2024-12-15,61.375,62.5375,22.208333333333332,15.325000000000001,1310.3333333333333,11.808333333333332,5.6,18.6,0.0,3.5625,67.375,874.6708333333332,5.579166666666667,153.8833733546807,2024,12,December,6,Sunday,1,Winter,61.3,155,62.0,54,155,PM2.5,Unhealthy,1,1
2024-12-16,49.99583333333334,51.5,23.09583333333333,13.245833333333332,1352.8333333333333,12.775,6.5,20.5,0.0,3.1833333333333336,58.791666666666664,873.4916666666667,4.416666666666667,152.36536515248727,2024,12,December,0,Monday,0,Winter,49.9,136,51.0,47,136,PM2.5,Unhealthy for Sensitive Groups,1,0
2024-12-17,50.125,51.67916666666667,21.8125,14.408333333333333,1240.875,12.708333333333334,6.4,20.2,0.0,3.5749999999999997,62.291666666666664,872.8000000000001,5.1000000000000005,167.18209470356598,2024,12,December,1,Tuesday,0,Winter,50.1,137,51.0,47,137,PM2.5,Unhealthy for Sensitive Groups,1,0
2024-12-18,61.487500000000004,63.44583333333333,23.295833333333334,16.883333333333333,1230.2083333333333,11.791666666666666,6.1,19.4,0.0,3.654166666666667,62.375,871.5916666666667,4.225,166.0818447006196,2024,12,December,2,Wednesday,0,Winter,61.4,155,63.0,55,155,PM2.5,Unhealthy,1,1
2024-12-19,60.9375,62.104166666666664,21.079166666666666,15.5,1247.0,11.066666666666668,5.2,18.5,0.0,4.145833333333333,70.33333333333333,872.1833333333334,5.2,161.9301485360972,2024,12,December,3,Thursday,0,Winter,60.9,155,62.0,54,155,PM2.5,Unhealthy,1,1
2024-12-20,56.5875,57.62916666666666,21.454166666666666,15.5,1245.4166666666667,11.737499999999999,5.5,19.3,0.0,3.654166666666667,63.666666666666664,870.9416666666666,4.566666666666666,166.17014549327953,2024,12,December,4,Friday,0,Winter,56.5,152,57.0,52,152,PM2.5,Unhealthy,1,1
2024-12-21,55.637499999999996,57.10833333333333,21.22083333333333,17.220833333333335,1076.4166666666667,11.216666666666667,6.3,17.6,0.0,3.6958333333333333,64.33333333333333,871.3625000000001,4.216666666666667,165.148103574822,2024,12,December,5,Saturday,1,Winter,55.6,151,57.0,52,151,PM2.5,Unhealthy,1,1
2024-12-22,58.1875,59.7875,21.158333333333335,16.2375,1105.0416666666667,10.4125,4.7,17.4,0.0,4.3999999999999995,69.58333333333333,871.8041666666667,4.458333333333333,157.56472208679696,2024,12,December,6,Sunday,1,Winter,58.1,153,59.0,53,153,PM2.5,Unhealthy,1,1
2024-12-23,64.24583333333334,65.67083333333333,22.3,17.829166666666666,1181.625,10.516666666666667,4.2,17.1,0.0,4.004166666666666,69.5,872.25,4.7375,172.11066968038477,2024,12,December,0,Monday,0,Winter,64.2,157,65.0,56,157,PM2.5,Unhealthy,1,1
2024-12-24,70.30833333333334,71.49166666666666,22.883333333333336,17.570833333333333,1311.5416666666667,10.870833333333332,5.2,16.2,0.0,4.0625,65.66666666666667,872.6041666666666,4.233333333333333,192.84408664177766,2024,12,December,1,Tuesday,0,Winter,70.3,161,71.0,59,161,PM2.5,Unhealthy,1,1
2024-12-25,68.95833333333333,70.0125,21.354166666666668,19.208333333333332,1182.3333333333333,12.483333333333334,8.4,18.9,0.0,3.454166666666667,56.958333333333336,874.6875,3.8541666666666665,172.638546260968,2024,12,December,2,Wednesday,0,Winter,68.9,160,70.0,58,160,PM2.5,Unhealthy,1,1
2024-12-26,64.325,65.69583333333334,20.283333333333335,13.470833333333333,1026.5833333333333,11.4375,5.4,18.3,0.0,4.670833333333333,59.083333333333336,875.6041666666666,3.1875,190.11696036718013,2024,12,December,3,Thursday,0,Winter,64.3,157,65.0,56,157,PM2.5,Unhealthy,1,1
2024-12-27,67.70416666666667,69.8125,23.537499999999998,16.341666666666665,1488.875,11.766666666666666,5.3,20.2,0.0,4.4,64.0,875.3874999999999,4.379166666666666,154.19404062276456,2024,12,December,4,Friday,0,Winter,67.7,160,69.0,58,160,PM2.5,Unhealthy,1,1
2024-12-28,80.95833333333333,82.13333333333334,28.945833333333336,18.775000000000002,1529.3333333333333,11.166666666666666,6.0,16.6,8.4,5.55,79.08333333333333,875.0041666666666,7.366666666666667,171.95673602640662,2024,12,December,5,Saturday,1,Winter,80.9,169,82.0,64,169,PM2.5,Unhealthy,1,1
2024-12-29,76.91666666666667,78.22083333333333,22.037499999999998,19.3,944.1666666666666,12.35,7.1,18.6,0.0,4.1875,69.54166666666667,873.5,6.583333333333333,184.22468813067408,2024,12,December,6,Sunday,1,Winter,76.9,166,78.0,62,166,PM2.5,Unhealthy,1,1
2024-12-30,67.47500000000001,68.62916666666666,21.766666666666666,17.591666666666665,1190.5,11.049999999999999,5.1,18.2,0.0,3.920833333333333,72.04166666666667,873.2458333333334,5.7875000000000005,183.7608247718932,2024,12,December,0,Monday,0,Winter,67.4,159,68.0,57,159,PM2.5,Unhealthy,1,1
2024-12-31,64.83333333333333,65.69166666666666,23.0625,16.604166666666668,1246.3333333333333,11.266666666666667,4.9,17.7,0.0,4.1000000000000005,70.70833333333333,873.4625,5.791666666666667,174.39348123090826,2024,12,December,1,Tuesday,0,Winter,64.8,158,65.0,56,158,PM2.5,Unhealthy,1,1
2025-01-01,64.55833333333334,66.64583333333333,24.695833333333336,16.724999999999998,1206.9583333333333,11.566666666666668,6.0,19.0,0.0,4.5,71.41666666666667,871.6374999999999,6.120833333333334,171.80978052269202,2025,1,January,2,Wednesday,0,Winter,64.5,157,66.0,56,157,PM2.5,Unhealthy,1,1
2025-01-02,61.09166666666667,62.974999999999994,21.90416666666667,15.512500000000001,1418.3333333333333,12.091666666666667,5.7,19.3,0.0,4.404166666666667,73.20833333333333,872.65,7.004166666666666,161.29560804192752,2025,1,January,3,Thursday,0,Winter,61.0,155,62.0,54,155,PM2.5,Unhealthy,1,1
2025-01-03,66.42916666666666,68.24166666666666,25.133333333333336,15.979166666666666,1528.0833333333333,12.737499999999999,7.4,20.2,0.0,3.8625000000000003,69.5,873.2458333333334,6.758333333333333,165.3346216658534,2025,1,January,4,Friday,0,Winter,66.4,159,68.0,57,159,PM2.5,Unhealthy,1,1
2025-01-04,62.69166666666666,65.82916666666667,24.53333333333333,15.204166666666666,1498.5,12.183333333333332,6.6,19.7,0.0,3.7708333333333335,72.29166666666667,872.8625000000001,6.870833333333334,173.22273300530134,2025,1,January,5,Saturday,1,Winter,62.6,156,65.0,56,156,PM2.5,Unhealthy,1,1
2025-01-05,60.3125,65.90416666666667,27.212500000000002,17.275000000000002,1730.5,11.958333333333334,6.8,18.4,0.0,3.6166666666666667,76.0,873.5916666666667,7.433333333333334,165.0628496836312,2025,1,January,6,Sunday,1,Winter,60.3,154,65.0,56,154,PM2.5,Unhealthy,1,1
2025-01-06,59.7125,65.8625,24.066666666666666,16.537499999999998,1526.3333333333333,12.0875,7.7,18.8,0.0,4.5249999999999995,79.83333333333333,871.8666666666667,8.1875,164.92755900734923,2025,1,January,0,Monday,0,Winter,59.7,154,65.0,56,154,PM2.5,Unhealthy,1,1
2025-01-07,57.387499999999996,60.43333333333334,14.104166666666666,10.716666666666667,1189.0416666666667,9.595833333333333,4.9,15.8,1.5,4.795833333333333,84.95833333333333,869.1208333333334,6.954166666666667,203.58198913248773,2025,1,January,1,Tuesday,0,Winter,57.3,152,60.0,53,152,PM2.5,Unhealthy,1,1
2025-01-08,75.00833333333334,76.48333333333333,17.75,12.908333333333333,1200.8333333333333,9.3375,3.7,16.0,0.0,4.383333333333334,80.58333333333333,869.6125000000001,5.7625,201.38422009336017,2025,1,January,2,Wednesday,0,Winter,75.0,165,76.0,61,165,PM2.5,Unhealthy,1,1
2025-01-09,67.8,68.125,18.041666666666668,12.549999999999999,1606.25,9.012500000000001,3.6,15.9,0.0,3.8333333333333335,82.5,872.5916666666667,5.858333333333333,154.7889960154287,2025,1,January,3,Thursday,0,Winter,67.8,160,68.0,57,160,PM2.5,Unhealthy,1,1
2025-01-10,71.92083333333333,72.41666666666667,21.266666666666666,15.183333333333332,1577.625,9.4375,3.5,16.8,0.0,3.8833333333333333,79.16666666666667,874.3874999999999,5.5375000000000005,182.31802316070505,2025,1,January,4,Friday,0,Winter,71.9,162,72.0,59,162,PM2.5,Unhealthy,1,1
2025-01-11,68.16666666666667,68.89999999999999,20.979166666666668,14.516666666666666,1607.8333333333333,10.641666666666667,3.3,18.7,0.0,4.241666666666666,78.5,875.1083333333332,6.483333333333333,165.90690651212017,2025,1,January,5,Saturday,1,Winter,68.1,160,68.0,57,160,PM2.5,Unhealthy,1,1
2025-01-12,61.5625,63.24166666666667,23.629166666666666,14.833333333333334,1384.1666666666667,10.995833333333332,5.7,18.0,0.1,3.954166666666667,72.70833333333333,874.3083333333334,5.779166666666666,154.83844367333643,2025,1,January,6,Sunday,1,Winter,61.5,155,63.0,55,155,PM2.5,Unhealthy,1,1
2025-01-13,64.925,66.74583333333334,22.425,16.75,1157.7083333333333,10.729166666666666,6.7,17.4,0.0,4.758333333333334,62.791666666666664,872.0916666666667,3.275,167.50273070894238,2025,1,January,0,Monday,0,Winter,64.9,158,66.0,56,158,PM2.5,Unhealthy,1,1
2025-01-14,71.07083333333334,72.37916666666666,22.291666666666668,18.145833333333332,1220.875,10.570833333333335,5.1,17.7,0.0,4.2124999999999995,66.54166666666667,874.2791666666667,3.783333333333333,163.69709556820513,2025,1,January,1,Tuesday,0,Winter,71.0,162,72.0,59,162,PM2.5,Unhealthy,1,1
2025-01-15,71.3625,72.52083333333333,22.45,17.474999999999998,1606.7083333333333,11.112499999999999,4.9,18.7,0.0,4.108333333333333,71.83333333333333,874.8666666666667,5.633333333333333,152.17574461161965,2025,1,January,2,Wednesday,0,Winter,71.3,162,72.0,59,162,PM2.5,Unhealthy,1,1
2025-01-16,70.52916666666667,71.94166666666666,22.320833333333336,18.754166666666666,1512.0,11.966666666666667,6.1,19.2,0.0,3.966666666666667,67.91666666666667,875.2083333333334,5.7250000000000005,182.77408868797795,2025,1,January,3,Thursday,0,Winter,70.5,162,71.0,59,162,PM2.5,Unhealthy,1,1
2025-01-17,77.12916666666666,78.02083333333333,22.745833333333334,20.233333333333334,1333.125,12.158333333333333,6.3,19.3,0.0,3.891666666666667,56.75,873.4291666666667,3.308333333333333,173.07951490003836,2025,1,January,4,Friday,0,Winter,77.1,166,78.0,62,166,PM2.5,Unhealthy,1,1
2025-01-18,81.1875,81.73333333333333,23.5125,19.920833333333334,1223.3333333333333,12.395833333333334,6.5,19.5,0.0,3.4583333333333335,51.416666666666664,872.3125,2.2083333333333335,170.62538304831904,2025,1,January,5,Saturday,1,Winter,81.1,169,81.0,64,169,PM2.5,Unhealthy,1,1
2025-01-19,89.05833333333334,89.56666666666666,25.59583333333333,18.566666666666666,1330.9166666666667,13.766666666666666,7.9,22.0,0.0,3.1374999999999997,50.041666666666664,870.5041666666666,2.9625,167.4576590763663,2025,1,January,6,Sunday,1,Winter,89.0,174,89.0,68,174,PM2.5,Unhealthy,1,1
2025-01-20,91.27499999999999,91.77083333333333,26.037499999999998,17.308333333333334,1423.5833333333333,14.229166666666666,7.1,21.7,0.0,3.579166666666667,55.666666666666664,869.3791666666666,5.029166666666667,170.6319905838714,2025,1,January,0,Monday,0,Winter,91.2,176,91.0,69,176,PM2.5,Unhealthy,1,1
2025-01-21,80.95,81.58749999999999,24.641666666666666,19.974999999999998,1323.3333333333333,15.070833333333333,9.7,22.9,0.0,3.358333333333333,52.125,869.6041666666666,4.6875,181.31232752351056,2025,1,January,1,Tuesday,0,Winter,80.9,169,81.0,64,169,PM2.5,Unhealthy,1,1
2025-01-22,78.17083333333333,78.9375,22.4875,19.154166666666665,1136.2916666666667,15.525,10.8,23.0,0.0,3.2541666666666664,47.0,870.9,3.6666666666666665,170.13562304140245,2025,1,January,2,Wednesday,0,Winter,78.1,167,78.0,62,167,PM2.5,Unhealthy,1,1
2025-01-23,77.18333333333334,77.99166666666666,20.320833333333333,18.45,1177.5,14.604166666666666,9.6,21.3,0.0,3.0666666666666664,49.25,870.6125000000001,3.6916666666666664,187.30304273743974,2025,1,January,3,Thursday,0,Winter,77.1,166,77.0,62,166,PM2.5,Unhealthy,1,1
2025-01-24,68.14583333333333,70.46249999999999,18.229166666666668,14.475,785.1666666666666,11.950000000000001,6.9,19.2,0.0,4.883333333333334,55.458333333333336,868.875,2.6875,205.32690103963276,2025,1,January,4,Friday,0,Winter,68.1,160,70.0,58,160,PM2.5,Unhealthy,1,1
2025-01-25,79.825,81.40833333333333,20.366666666666667,16.125,1209.5416666666667,11.595833333333333,6.8,18.3,0.0,4.020833333333333,73.66666666666667,869.7583333333333,6.329166666666667,178.66250430222647,2025,1,January,5,Saturday,1,Winter,79.8,168,81.0,64,168,PM2.5,Unhealthy,1,1
2025-01-26,77.71666666666667,78.78750000000001,15.737499999999999,14.266666666666666,1161.25,11.783333333333333,6.2,19.6,0.0,4.704166666666667,79.125,870.3333333333334,7.6875,168.25411527197096,2025,1,January,6,Sunday,1,Winter,77.7,167,78.0,62,167,PM2.5,Unhealthy,1,1
2025-01-27,70.14999999999999,71.54166666666667,19.716666666666665,13.575000000000001,1355.0,12.708333333333334,6.1,20.1,0.0,4.5625,77.20833333333333,868.7416666666667,7.9750000000000005,192.15298367100212,2025,1,January,0,Monday,0,Winter,70.1,161,71.0,59,161,PM2.5,Unhealthy,1,1
2025-01-28,85.59166666666665,87.15416666666665,21.179166666666667,16.154166666666665,1335.4166666666667,12.916666666666666,7.3,18.2,0.2,3.391666666666667,78.20833333333333,870.9166666666666,8.775,201.70885709017077,2025,1,January,1,Tuesday,0,Winter,85.5,172,87.0,67,172,PM2.5,Unhealthy,1,1
2025-01-29,90.30416666666667,91.78333333333335,19.120833333333334,14.954166666666666,1264.125,12.291666666666666,7.3,18.4,0.0,4.675,80.54166666666667,871.6958333333333,8.533333333333333,174.23687673436095,2025,1,January,2,Wednesday,0,Winter,90.3,175,91.0,69,175,PM2.5,Unhealthy,1,1
2025-01-30,97.92916666666667,99.52083333333333,17.9875,17.929166666666667,1188.2083333333333,12.045833333333334,6.4,19.6,0.0,4.679166666666666,77.25,867.7833333333333,7.466666666666666,193.9932137315291,2025,1,January,3,Thursday,0,Winter,97.9,181,99.0,73,181,PM2.5,Unhealthy,1,1
2025-01-31,85.91666666666667,87.7625,18.520833333333332,17.620833333333334,1265.7083333333333,12.375,6.6,20.6,0.0,4.641666666666667,68.875,868.6750000000001,5.845833333333334,202.75861629171064,2025,1,January,4,Friday,0,Winter,85.9,172,87.0,67,172,PM2.5,Unhealthy,1,1
2025-02-01,76.5,80.76666666666667,18.754166666666666,16.958333333333332,1139.0833333333333,13.495833333333332,6.8,20.9,0.0,3.9375,52.541666666666664,870.3625000000001,3.454166666666667,205.75665055148798,2025,2,February,5,Saturday,1,Winter,76.5,166,80.0,63,166,PM2.5,Unhealthy,1,1
2025-02-02,55.5375,61.104166666666664,16.087500000000002,11.795833333333334,873.3333333333334,13.079166666666666,6.9,20.9,0.0,4.341666666666667,43.791666666666664,869.6583333333333,0.05833333333333334,193.53585188229275,2025,2,February,6,Sunday,1,Winter,55.5,151,61.0,54,151,PM2.5,Unhealthy,1,1
2025-02-03,62.78333333333333,66.92916666666666,21.070833333333333,14.616666666666667,1247.5,13.020833333333334,6.1,21.1,0.0,4.195833333333334,63.416666666666664,870.4916666666667,5.233333333333333,166.83890101419203,2025,2,February,0,Monday,0,Winter,62.7,156,66.0,56,156,PM2.5,Unhealthy,1,1
2025-02-04,85.95416666666667,89.13333333333333,19.9375,16.337500000000002,1128.2083333333333,14.799999999999999,7.6,21.1,0.0,3.779166666666667,62.291666666666664,871.2041666666668,7.25,189.57628855681938,2025,2,February,1,Tuesday,0,Winter,85.9,172,89.0,68,172,PM2.5,Unhealthy,1,1
2025-02-05,69.22500000000001,70.85000000000001,16.0125,13.720833333333333,761.7083333333334,14.891666666666666,8.8,22.4,0.1,5.495833333333334,65.29166666666667,870.1125000000001,7.654166666666666,208.1272831511914,2025,2,February,2,Wednesday,0,Winter,69.2,161,70.0,58,161,PM2.5,Unhealthy,1,1
2025-02-06,63.125,64.28750000000001,16.433333333333334,13.458333333333334,888.7916666666666,14.241666666666667,8.3,22.3,0.0,4.083333333333333,55.458333333333336,869.6916666666666,4.425,201.17544918722928,2025,2,February,3,Thursday,0,Winter,63.1,156,64.0,55,156,PM2.5,Unhealthy,1,1
2025-02-07,59.525,60.362500000000004,18.083333333333332,15.2875,944.7916666666666,13.4625,7.2,21.6,0.0,4.391666666666667,50.75,869.725,2.6833333333333336,188.54242134560528,2025,2,February,4,Friday,0,Winter,59.5,154,60.0,53,154,PM2.5,Unhealthy,1,1
2025-02-08,68.31666666666666,70.00833333333334,17.508333333333333,18.566666666666666,1273.1666666666667,12.5,6.3,20.4,0.0,4.333333333333333,70.0,870.6750000000001,6.120833333333334,221.08461702505258,2025,2,February,5,Saturday,1,Winter,68.3,160,70.0,58,160,PM2.5,Unhealthy,1,1
2025-02-09,83.82083333333334,89.03333333333335,15.450000000000001,20.125,1296.0,12.308333333333332,5.7,19.7,0.0,4.345833333333333,78.91666666666667,870.1166666666667,8.195833333333333,185.7202505113826,2025,2,February,6,Sunday,1,Winter,83.8,171,89.0,68,171,PM2.5,Unhealthy,1,1
2025-02-10,78.02083333333333,88.2,14.345833333333333,17.912499999999998,1004.5,13.383333333333333,6.1,20.3,0.0,5.283333333333333,67.875,870.7208333333333,6.95,188.16596825100015,2025,2,February,0,Monday,0,Winter,78.0,167,88.0,67,167,PM2.5,Unhealthy,1,1
2025-02-11,69.03333333333333,80.29166666666667,14.108333333333334,14.104166666666666,825.9166666666666,13.245833333333332,7.5,20.7,0.0,5.9750000000000005,67.20833333333333,869.1,6.0,198.52937262143047,2025,2,February,1,Tuesday,0,Winter,69.0,160,80.0,63,160,PM2.5,Unhealthy,1,1
2025-02-12,64.97916666666667,84.35833333333333,12.320833333333333,12.516666666666666,750.25,12.883333333333333,6.8,19.9,0.5,5.575,70.54166666666667,869.0583333333334,6.533333333333334,188.23182101218023,2025,2,February,2,Wednesday,0,Winter,64.9,158,84.0,65,158,PM2.5,Unhealthy,1,1
2025-02-13,62.1625,84.175,11.775,12.908333333333333,779.25,12.216666666666667,5.9,19.7,0.0,5.541666666666667,74.08333333333333,867.5,6.845833333333334,194.65252668815077,2025,2,February,3,Thursday,0,Winter,62.1,156,84.0,65,156,PM2.5,Unhealthy,1,1
2025-02-14,66.07916666666667,78.95833333333333,12.154166666666667,15.225,973.25,12.2125,6.0,19.7,0.0,5.104166666666667,78.16666666666667,867.275,7.995833333333334,205.95300904239662,2025,2,February,4,Friday,0,Winter,66.0,158,78.0,62,158,PM2.5,Unhealthy,1,1
2025-02-15,67.64999999999999,78.33749999999999,10.354166666666666,14.25,984.2916666666666,12.070833333333333,6.8,18.1,0.30000000000000004,4.0625,76.625,868.8541666666666,7.479166666666667,193.19944516665922,2025,2,February,5,Saturday,1,Winter,67.6,159,78.0,62,159,PM2.5,Unhealthy,1,1
2025-02-16,63.74166666666667,70.35000000000001,12.387500000000001,14.916666666666666,833.5833333333334,12.191666666666668,6.7,19.0,0.0,5.575,72.625,870.2916666666666,6.633333333333333,199.4481188666872,2025,2,February,6,Sunday,1,Winter,63.7,157,70.0,58,157,PM2.5,Unhealthy,1,1
2025-02-17,78.58333333333333,93.27499999999999,12.408333333333333,15.683333333333332,805.3333333333334,11.758333333333333,6.2,17.7,1.5,4.6000000000000005,78.5,872.2791666666667,7.583333333333333,211.854024347107,2025,2,February,0,Monday,0,Winter,78.5,167,93.0,70,167,PM2.5,Unhealthy,1,1
2025-02-18,79.64166666666667,93.87083333333334,12.604166666666666,12.045833333333334,829.6666666666666,12.316666666666668,6.2,19.0,3.7,4.529166666666667,80.25,871.725,8.35,178.991919002833,2025,2,February,1,Tuesday,0,Winter,79.6,168,93.0,70,168,PM2.5,Unhealthy,1,1
2025-02-19,76.61666666666666,87.18333333333334,15.820833333333333,12.495833333333332,768.5,13.174999999999999,6.9,19.3,0.2,4.741666666666666,68.54166666666667,871.3041666666667,6.845833333333334,182.02615123856611,2025,2,February,2,Wednesday,0,Winter,76.6,166,87.0,67,166,PM2.5,Unhealthy,1,1
2025-02-20,73.77499999999999,80.64583333333333,13.979166666666666,13.120833333333332,718.4583333333334,13.887500000000001,8.4,20.0,0.8,4.891666666666667,65.375,873.775,6.841666666666666,189.1626495178599,2025,2,February,3,Thursday,0,Winter,73.7,164,80.0,63,164,PM2.5,Unhealthy,1,1
2025-02-21,63.25,74.22916666666667,11.512500000000001,9.845833333333333,585.8333333333334,13.395833333333334,8.1,18.7,3.1,5.0,65.58333333333333,873.1708333333332,6.595833333333334,229.74152674648684,2025,2,February,4,Friday,0,Winter,63.2,156,74.0,60,156,PM2.5,Unhealthy,1,1
2025-02-22,39.40416666666667,52.34583333333333,11.179166666666667,7.779166666666666,657.8333333333334,13.866666666666667,7.5,21.1,0.4,4.870833333333333,60.5,873.0875,5.429166666666667,200.32484857149345,2025,2,February,5,Saturday,1,Winter,39.4,111,52.0,48,111,PM2.5,Unhealthy for Sensitive Groups,1,0
2025-02-23,55.0,73.64583333333333,12.375,9.991666666666667,779.0,12.8125,7.1,19.3,1.4000000000000001,3.8041666666666667,65.04166666666667,874.1083333333332,5.825,183.88433093252172,2025,2,February,6,Sunday,1,Winter,55.0,149,73.0,60,149,PM2.5,Unhealthy for Sensitive Groups,1,0
2025-02-24,67.99166666666666,87.71249999999999,13.4375,9.466666666666667,748.2083333333334,12.454166666666666,6.8,17.7,1.3,3.141666666666667,71.29166666666667,875.1374999999999,7.079166666666667,200.85222705391988,2025,2,February,0,Monday,0,Winter,67.9,160,87.0,67,160,PM2.5,Unhealthy,1,1
2025-02-25,63.89166666666667,78.37083333333334,14.120833333333332,9.354166666666666,739.2916666666666,14.058333333333332,8.0,20.7,0.0,4.133333333333334,65.04166666666667,876.3583333333332,7.05,186.5083138742944,2025,2,February,1,Tuesday,0,Winter,63.8,157,78.0,62,157,PM2.5,Unhealthy,1,1
2025-02-26,61.85,74.32083333333334,12.9625,11.341666666666667,761.0416666666666,14.799999999999999,8.9,22.0,0.0,4.1125,69.79166666666667,876.1291666666666,8.583333333333334,191.00625546476977,2025,2,February,2,Wednesday,0,Winter,61.8,155,74.0,60,155,PM2.5,Unhealthy,1,1
2025-02-27,70.78333333333333,81.50833333333334,12.016666666666666,12.029166666666667,813.75,14.254166666666668,8.0,20.6,0.5,4.229166666666667,77.375,873.7125,9.754166666666666,208.32460635520678,2025,2,February,3,Thursday,0,Winter,70.7,162,81.0,64,162,PM2.5,Unhealthy,1,1
2025-02-28,63.449999999999996,93.16250000000001,11.616666666666667,10.366666666666667,726.9166666666666,13.433333333333332,8.8,19.6,0.30000000000000004,4.7124999999999995,75.875,873.6458333333334,9.016666666666667,188.6516076208238,2025,2,February,4,Friday,0,Winter,63.4,157,93.0,70,157,PM2.5,Unhealthy,1,1
2025-03-01,34.708333333333336,59.56666666666666,10.979166666666666,6.970833333333334,716.5416666666666,14.424999999999999,10.0,20.9,0.0,5.054166666666666,65.04166666666667,870.7375000000001,7.266666666666667,154.91066428140454,2025,3,March,5,Saturday,1,Pre-Monsoon,34.7,99,59.0,53,99,PM2.5,Moderate,0,0
2025-03-02,29.483333333333334,43.975,10.316666666666666,6.5,608.7083333333334,15.408333333333333,9.8,23.1,0.0,5.4125000000000005,57.291666666666664,868.0833333333334,5.8374999999999995,203.95334784052403,2025,3,March,6,Sunday,1,Pre-Monsoon,29.4,89,43.0,40,89,PM2.5,Moderate,0,0
2025-03-03,29.474999999999998,32.170833333333334,11.733333333333334,7.454166666666667,591.875,16.10833333333333,9.4,23.9,0.0,4.779166666666667,60.375,869.0625,7.608333333333333,202.5672593479211,2025,3,March,0,Monday,0,Pre-Monsoon,29.4,89,32.0,30,89,PM2.5,Moderate,0,0
2025-03-04,33.05833333333333,44.77916666666667,8.7125,7.3500000000000005,605.75,15.6625,9.6,23.1,0.4,5.4375,59.416666666666664,868.6999999999999,6.891666666666667,220.55549852555447,2025,3,March,1,Tuesday,0,Pre-Monsoon,33.0,96,44.0,41,96,PM2.5,Moderate,0,0
2025-03-05,38.03333333333333,62.762499999999996,8.262500000000001,10.137500000000001,556.9166666666666,14.862499999999999,8.7,22.5,0.0,4.845833333333333,68.625,866.85,7.979166666666667,242.41663998528708,2025,3,March,2,Wednesday,0,Pre-Monsoon,38.0,107,62.0,54,107,PM2.5,Unhealthy for Sensitive Groups,1,0
2025-03-06,53.416666666666664,88.125,10.470833333333333,12.470833333333333,651.2083333333334,15.683333333333332,8.1,23.5,0.0,3.4291666666666667,73.83333333333333,870.3208333333333,10.245833333333334,207.53973226275772,2025,3,March,3,Thursday,0,Pre-Monsoon,53.4,145,88.0,67,145,PM2.5,Unhealthy for Sensitive Groups,1,0
2025-03-07,78.96249999999999,152.44583333333333,9.591666666666667,12.950000000000001,716.1666666666666,13.954166666666666,10.6,17.4,5.3,2.5958333333333337,87.91666666666667,868.8791666666666,11.8125,233.71785736028454,2025,3,March,4,Friday,0,Pre-Monsoon,78.9,167,152.0,99,167,PM2.5,Unhealthy,1,1
2025-03-08,75.27916666666667,130.96666666666667,11.404166666666667,12.9125,757.9166666666666,13.470833333333333,8.9,18.8,1.1,4.3374999999999995,77.08333333333333,868.9041666666667,9.145833333333334,177.8204978503909,2025,3,March,5,Saturday,1,Pre-Monsoon,75.2,165,130.0,88,165,PM2.5,Unhealthy,1,1
2025-03-09,67.3125,112.575,13.799999999999999,12.691666666666668,874.125,14.633333333333333,8.7,19.7,1.9,3.5416666666666665,74.91666666666667,874.1875,9.870833333333334,184.3271494088248,2025,3,March,6,Sunday,1,Pre-Monsoon,67.3,159,112.0,79,159,PM2.5,Unhealthy,1,1
2025-03-10,72.35833333333333,113.10416666666667,12.845833333333333,9.495833333333334,955.0,15.375,10.9,20.6,4.3,3.108333333333333,78.79166666666667,875.4833333333332,11.358333333333334,180.91025128872445,2025,3,March,0,Monday,0,Pre-Monsoon,72.3,163,113.0,80,163,PM2.5,Unhealthy,1,1
2025-03-11,97.39166666666667,144.63750000000002,13.608333333333334,11.325000000000001,784.5,15.370833333333332,10.9,21.5,1.8,4.558333333333334,80.58333333333333,872.0083333333333,11.5875,198.05039236916573,2025,3,March,1,Tuesday,0,Pre-Monsoon,97.3,180,144.0,95,180,PM2.5,Unhealthy,1,1
2025-03-12,83.91250000000001,120.96666666666665,13.495833333333332,12.229166666666666,905.125,15.458333333333334,10.4,22.1,4.2,4.8999999999999995,81.70833333333333,868.9041666666667,11.854166666666666,194.93348876520264,2025,3,March,2,Wednesday,0,Pre-Monsoon,83.9,171,120.0,83,171,PM2.5,Unhealthy,1,1
2025-03-13,63.56666666666666,92.72500000000001,12.25,10.4,916.0,14.475,9.2,21.8,2.1,6.183333333333334,83.04166666666667,868.0333333333333,11.116666666666667,186.45636765127296,2025,3,March,3,Thursday,0,Pre-Monsoon,63.5,157,92.0,69,157,PM2.5,Unhealthy,1,1
2025-03-14,35.28333333333333,57.020833333333336,10.504166666666666,6.7875000000000005,635.8333333333334,17.633333333333333,9.4,24.5,0.1,5.8374999999999995,56.333333333333336,870.5166666666668,7.8,211.48080974455857,2025,3,March,4,Friday,0,Pre-Monsoon,35.2,100,57.0,52,100,PM2.5,Moderate,0,0
2025-03-15,23.78333333333333,40.69166666666667,9.666666666666666,5.6000000000000005,631.0416666666666,18.1375,11.6,25.5,0.30000000000000004,6.458333333333333,56.291666666666664,872.5291666666667,8.375,175.18832089565058,2025,3,March,5,Saturday,1,Pre-Monsoon,23.7,78,40.0,37,78,PM2.5,Moderate,0,0
2025-03-16,24.558333333333334,43.15,11.316666666666668,6.2124999999999995,703.6666666666666,17.133333333333333,12.3,24.5,3.9,5.891666666666667,60.583333333333336,871.5791666666668,8.745833333333334,171.1893847533949,2025,3,March,6,Sunday,1,Pre-Monsoon,24.5,80,43.0,40,80,PM2.5,Moderate,0,0
2025-03-17,19.995833333333334,37.295833333333334,7.45,4.558333333333334,512.2083333333334,17.3625,11.5,24.6,0.1,4.545833333333333,50.708333333333336,870.5333333333333,6.154166666666666,190.83113471721836,2025,3,March,0,Monday,0,Pre-Monsoon,19.9,71,37.0,34,71,PM2.5,Moderate,0,0
2025-03-18,21.520833333333332,30.34166666666667,8.283333333333333,5.420833333333333,489.7916666666667,16.858333333333334,10.4,24.1,0.0,5.129166666666666,54.5,870.5416666666666,6.675,225.98060317667677,2025,3,March,1,Tuesday,0,Pre-Monsoon,21.5,74,30.0,28,74,PM2.5,Moderate,0,0
2025-03-19,24.541666666666668,28.712500000000002,10.308333333333334,7.091666666666666,555.4583333333334,18.508333333333333,11.4,26.3,0.0,4.45,52.208333333333336,873.9,7.558333333333334,195.4986104160306,2025,3,March,2,Wednesday,0,Pre-Monsoon,24.5,80,28.0,26,80,PM2.5,Moderate,0,0
2025-03-20,26.275000000000002,33.824999999999996,9.424999999999999,7.7124999999999995,567.7083333333334,18.429166666666667,12.9,25.3,0.0,5.466666666666666,48.791666666666664,874.6583333333333,6.566666666666666,208.66671669487812,2025,3,March,3,Thursday,0,Pre-Monsoon,26.2,83,33.0,31,83,PM2.5,Moderate,0,0
2025-03-21,37.475,49.1,9.616666666666667,9.3375,495.75,16.3625,11.4,22.9,1.0,4.958333333333333,63.75,873.7166666666667,8.741666666666667,195.83918994971026,2025,3,March,4,Friday,0,Pre-Monsoon,37.4,106,49.0,45,106,PM2.5,Unhealthy for Sensitive Groups,1,0
2025-03-22,43.03333333333333,54.00416666666666,10.216666666666667,8.0875,621.6666666666666,15.25,8.7,23.3,1.4000000000000001,5.0125,66.16666666666667,873.8541666666666,8.049999999999999,192.61877287955278,2025,3,March,5,Saturday,1,Pre-Monsoon,43.0,119,54.0,50,119,PM2.5,Unhealthy for Sensitive Groups,1,0
2025-03-23,41.4125,53.50833333333333,13.420833333333334,9.475,647.5833333333334,15.6875,8.6,22.5,0.1,4.2749999999999995,56.958333333333336,874.5500000000001,6.445833333333333,194.93511723591058,2025,3,March,6,Sunday,1,Pre-Monsoon,41.4,116,53.0,49,116,PM2.5,Unhealthy for Sensitive Groups,1,0
2025-03-24,40.108333333333334,48.8375,13.7125,11.383333333333333,497.0,17.395833333333332,11.2,23.1,0.0,4.858333333333333,52.458333333333336,874.5041666666666,7.216666666666666,204.4113504795517,2025,3,March,0,Monday,0,Pre-Monsoon,40.1,112,48.0,44,112,PM2.5,Unhealthy for Sensitive Groups,1,0
2025-03-25,42.13333333333333,48.92916666666667,11.920833333333334,10.720833333333333,549.5,18.879166666666666,12.5,25.5,0.0,4.954166666666667,49.25,870.6999999999999,7.620833333333334,203.5093313020953,2025,3,March,1,Tuesday,0,Pre-Monsoon,42.1,117,48.0,44,117,PM2.5,Unhealthy for Sensitive Groups,1,0
2025-03-26,49.65,62.020833333333336,10.708333333333334,11.641666666666666,611.4583333333334,20.0125,14.1,26.5,0.0,4.95,55.125,869.2666666666668,10.104166666666666,196.804541544669,2025,3,March,2,Wednesday,0,Pre-Monsoon,49.6,136,62.0,54,136,PM2.5,Unhealthy for Sensitive Groups,1,0
2025-03-27,58.37916666666666,73.55,10.770833333333334,12.808333333333332,710.0833333333334,20.849999999999998,14.0,28.3,0.0,6.108333333333333,59.291666666666664,867.7875,11.854166666666666,181.30289490123346,2025,3,March,3,Thursday,0,Pre-Monsoon,58.3,153,73.0,60,153,PM2.5,Unhealthy,1,1
2025-03-28,60.49583333333334,77.00416666666666,9.125,12.104166666666666,667.75,20.662499999999998,13.7,28.1,0.0,6.095833333333334,54.958333333333336,867.8916666666668,10.541666666666666,223.53323850975346,2025,3,March,4,Friday,0,Pre-Monsoon,60.4,154,77.0,62,154,PM2.5,Unhealthy,1,1
2025-03-29,45.65833333333333,56.5375,10.716666666666667,8.904166666666667,659.0416666666666,21.020833333333332,13.7,29.6,0.0,4.833333333333333,49.458333333333336,868.8458333333333,8.716666666666667,214.83012766266356,2025,3,March,5,Saturday,1,Pre-Monsoon,45.6,126,56.0,51,126,PM2.5,Unhealthy for Sensitive Groups,1,0
2025-03-30,51.979166666666664,75.61666666666666,11.158333333333333,11.325000000000001,681.5416666666666,20.579166666666666,13.3,28.5,0.0,4.3,52.458333333333336,871.4833333333332,9.6,203.8225923714949,2025,3,March,6,Sunday,1,Pre-Monsoon,51.9,141,75.0,61,141,PM2.5,Unhealthy for Sensitive Groups,1,0
2025-03-31,59.645833333333336,89.3,10.145833333333334,12.762500000000001,669.625,20.154166666666665,12.8,27.8,0.0,4.754166666666666,48.75,871.1583333333333,8.200000000000001,230.65649544453592,2025,3,March,0,Monday,0,Pre-Monsoon,59.6,154,89.0,68,154,PM2.5,Unhealthy,1,1
2025-04-01,45.791666666666664,64.87916666666666,11.137500000000001,9.195833333333333,646.6666666666666,20.162499999999998,13.9,28.2,0.0,5.295833333333333,42.625,871.1708333333332,5.6000000000000005,196.55805364125612,2025,4,April,1,Tuesday,0,Pre-Monsoon,45.7,126,64.0,55,126,PM2.5,Unhealthy for Sensitive Groups,1,0
2025-04-02,45.35,60.104166666666664,11.633333333333333,9.1,639.3333333333334,20.241666666666667,13.9,27.3,0.0,4.6000000000000005,41.958333333333336,872.8458333333333,6.095833333333334,200.0588568562231,2025,4,April,2,Wednesday,0,Pre-Monsoon,45.3,125,60.0,53,125,PM2.5,Unhealthy for Sensitive Groups,1,0
2025-04-03,41.84166666666667,53.791666666666664,10.945833333333333,8.879166666666666,537.9166666666666,20.287499999999998,13.6,27.5,0.0,5.1125,33.666666666666664,873.4458333333333,3.0250000000000004,230.7234652150923,2025,4,April,3,Thursday,0,Pre-Monsoon,41.8,117,53.0,49,117,PM2.5,Unhealthy for Sensitive Groups,1,0
2025-04-04,34.92916666666667,44.17083333333333,11.512500000000001,7.720833333333332,485.8333333333333,19.916666666666668,13.1,27.2,0.0,6.033333333333334,33.875,871.5583333333334,2.3833333333333333,211.9982694547108,2025,4,April,4,Friday,0,Pre-Monsoon,34.9,99,44.0,41,99,PM2.5,Moderate,0,0
2025-04-05,45.04583333333333,62.31666666666666,13.679166666666667,6.458333333333333,559.875,20.608333333333334,13.4,27.0,0.0,5.195833333333334,35.833333333333336,870.5875,4.2749999999999995,192.0642799527579,2025,4,April,5,Saturday,1,Pre-Monsoon,45.0,124,62.0,54,124,PM2.5,Unhealthy for Sensitive Groups,1,0
2025-04-06,50.25416666666666,78.22083333333333,16.283333333333335,7.541666666666667,637.5,21.520833333333332,15.6,28.3,0.0,5.8875,41.0,871.9125,6.879166666666666,174.17787844246595,2025,4,April,6,Sunday,1,Pre-Monsoon,50.2,137,78.0,62,137,PM2.5,Unhealthy for Sensitive Groups,1,0
2025-04-07,61.59166666666667,93.29583333333333,13.720833333333333,9.883333333333333,808.4583333333334,20.8625,15.9,27.0,0.0,6.6125,55.625,874.4625,10.75,178.88117896159665,2025,4,April,0,Monday,0,Pre-Monsoon,61.5,155,93.0,70,155,PM2.5,Unhealthy,1,1
2025-04-08,76.68333333333334,98.86666666666667,14.7875,12.454166666666666,729.625,19.116666666666667,15.5,24.4,6.8999999999999995,5.1875,71.0,875.9958333333334,13.5625,150.4989693821879,2025,4,April,1,Tuesday,0,Pre-Monsoon,76.6,166,98.0,72,166,PM2.5,Unhealthy,1,1
2025-04-09,69.58749999999999,86.3875,14.008333333333333,9.4125,723.25,20.258333333333333,15.2,27.2,2.9,4.870833333333334,67.66666666666667,873.0041666666666,13.275,188.50875007941556,2025,4,April,2,Wednesday,0,Pre-Monsoon,69.5,161,86.0,66,161,PM2.5,Unhealthy,1,1
2025-04-10,53.85,64.20833333333333,13.779166666666667,7.3999999999999995,800.3333333333334,17.454166666666666,14.8,23.7,21.7,4.145833333333333,86.0,868.8249999999999,14.804166666666667,147.4111761000784,2025,4,April,3,Thursday,0,Pre-Monsoon,53.8,146,64.0,55,146,PM2.5,Unhealthy for Sensitive Groups,1,0
2025-04-11,53.07916666666667,61.0375,15.983333333333334,7.504166666666666,770.2083333333334,16.408333333333335,12.6,22.2,19.0,3.908333333333333,86.04166666666667,867.9499999999999,13.9,168.09506745974753,2025,4,April,4,Friday,0,Pre-Monsoon,53.0,144,61.0,54,144,PM2.5,Unhealthy for Sensitive Groups,1,0
2025-04-12,34.612500000000004,45.87916666666666,14.670833333333334,6.954166666666667,693.4166666666666,18.35,12.5,24.6,0.5,4.420833333333333,68.70833333333333,870.2333333333332,12.083333333333334,178.43473188466638,2025,4,April,5,Saturday,1,Pre-Monsoon,34.6,99,45.0,42,99,PM2.5,Moderate,0,0
2025-04-13,35.5875,53.75833333333333,14.6625,7.0874999999999995,786.2916666666666,18.233333333333334,12.1,25.5,2.4,4.945833333333334,73.875,872.025,12.816666666666668,181.5221939624536,2025,4,April,6,Sunday,1,Pre-Monsoon,35.5,101,53.0,49,101,PM2.5,Unhealthy for Sensitive Groups,1,0
2025-04-14,36.175000000000004,52.49583333333334,15.775,5.633333333333333,722.9583333333334,17.9375,12.2,25.8,2.7,5.783333333333334,69.45833333333333,872.6458333333334,11.766666666666666,141.57794481489057,2025,4,April,0,Monday,0,Pre-Monsoon,36.1,102,52.0,48,102,PM2.5,Unhealthy for Sensitive Groups,1,0
2025-04-15,40.045833333333334,57.30833333333334,16.983333333333334,6.375,749.5833333333334,18.608333333333334,13.4,25.9,2.9,4.0875,70.70833333333333,872.7708333333334,12.608333333333334,152.8559379641462,2025,4,April,1,Tuesday,0,Pre-Monsoon,40.0,112,57.0,52,112,PM2.5,Unhealthy for Sensitive Groups,1,0
2025-04-16,47.05833333333334,62.59166666666667,16.079166666666666,7.141666666666667,749.4583333333334,19.6375,15.4,25.2,0.7,4.508333333333334,69.29166666666667,871.4958333333334,13.366666666666667,195.63123684445776,2025,4,April,2,Wednesday,0,Pre-Monsoon,47.0,129,62.0,54,129,PM2.5,Unhealthy for Sensitive Groups,1,0
2025-04-17,58.57916666666667,73.75833333333334,14.954166666666666,8.375,770.9583333333334,18.287499999999998,14.5,23.9,11.9,4.245833333333334,82.66666666666667,869.625,14.995833333333332,184.34683446557898,2025,4,April,3,Thursday,0,Pre-Monsoon,58.5,153,73.0,60,153,PM2.5,Unhealthy,1,1
2025-04-18,44.94166666666666,56.425000000000004,13.416666666666666,6.3500000000000005,863.7916666666666,19.766666666666666,15.1,24.4,2.4,3.0375,77.75,869.7458333333334,15.325000000000001,118.84406538291077,2025,4,April,4,Friday,0,Pre-Monsoon,44.9,124,56.0,51,124,PM2.5,Unhealthy for Sensitive Groups,1,0
2025-04-19,35.94583333333333,43.57916666666667,17.770833333333332,6.254166666666666,929.4583333333334,18.458333333333332,14.4,22.9,9.2,2.6791666666666667,83.79166666666667,869.9958333333334,15.575000000000001,195.15866985611083,2025,4,April,5,Saturday,1,Pre-Monsoon,35.9,102,43.0,40,102,PM2.5,Unhealthy for Sensitive Groups,1,0
2025-04-20,32.07083333333333,44.92916666666667,15.041666666666666,6.004166666666666,731.125,20.883333333333333,14.3,26.3,1.5,4.729166666666667,69.41666666666667,870.4083333333333,14.770833333333334,214.92765504415536,2025,4,April,6,Sunday,1,Pre-Monsoon,32.0,94,44.0,41,94,PM2.5,Moderate,0,0
2025-04-21,34.862500000000004,60.42083333333333,12.133333333333333,6.2250000000000005,556.0833333333334,22.316666666666666,15.6,28.2,0.0,5.645833333333333,62.791666666666664,872.0124999999999,14.408333333333333,233.520205243518,2025,4,April,0,Monday,0,Pre-Monsoon,34.8,99,60.0,53,99,PM2.5,Moderate,0,0
2025-04-22,41.800000000000004,95.74166666666667,10.966666666666667,6.375,576.3333333333334,22.7375,14.8,29.8,0.0,5.716666666666666,57.083333333333336,870.7833333333333,13.25,217.58159747086748,2025,4,April,1,Tuesday,0,Pre-Monsoon,41.8,117,95.0,71,117,PM2.5,Unhealthy for Sensitive Groups,1,0
2025-04-23,40.729166666666664,97.34583333333335,9.579166666666667,6.55,594.1666666666666,22.962500000000002,14.9,30.2,0.0,5.829166666666667,48.541666666666664,867.4916666666667,10.891666666666666,217.57028991609437,2025,4,April,2,Wednesday,0,Pre-Monsoon,40.7,114,97.0,72,114,PM2.5,Unhealthy for Sensitive Groups,1,0
2025-04-24,30.366666666666664,52.38333333333333,10.549999999999999,7.479166666666667,578.3333333333334,22.554166666666664,14.3,30.9,0.0,5.2875000000000005,49.791666666666664,868.0208333333334,10.233333333333333,186.50855896489037,2025,4,April,3,Thursday,0,Pre-Monsoon,30.3,90,52.0,48,90,PM2.5,Moderate,0,0
2025-04-25,28.84583333333333,38.475,12.895833333333334,6.3374999999999995,600.125,22.008333333333336,13.8,29.5,0.0,6.5249999999999995,41.541666666666664,868.8666666666667,7.283333333333334,201.06209763274325,2025,4,April,4,Friday,0,Pre-Monsoon,28.8,88,38.0,35,88,PM2.5,Moderate,0,0
2025-04-26,32.324999999999996,57.17916666666667,14.154166666666667,6.204166666666667,574.0833333333334,22.587500000000002,13.4,30.2,0.0,6.379166666666666,40.75,870.2083333333334,7.195833333333333,193.14003234449746,2025,4,April,5,Saturday,1,Pre-Monsoon,32.3,94,57.0,52,94,PM2.5,Moderate,0,0
2025-04-27,43.425000000000004,72.15833333333333,15.0375,8.404166666666667,649.9166666666666,20.579166666666666,14.9,28.1,0.6,4.7,61.708333333333336,871.875,11.924999999999999,159.67915835489,2025,4,April,6,Sunday,1,Pre-Monsoon,43.4,120,72.0,59,120,PM2.5,Unhealthy for Sensitive Groups,1,0
2025-04-28,49.94166666666666,78.02083333333333,10.858333333333334,6.545833333333333,761.5416666666666,16.916666666666668,12.8,21.5,5.4,4.05,82.54166666666667,870.9499999999999,13.6625,157.5386205665025,2025,4,April,0,Monday,0,Pre-Monsoon,49.9,136,78.0,62,136,PM2.5,Unhealthy for Sensitive Groups,1,0
2025-04-29,39.85,51.75,12.029166666666667,5.375,616.75,18.0625,12.5,23.3,0.30000000000000004,5.2375,74.95833333333333,871.1583333333333,13.0,174.11259601608984,2025,4,April,1,Tuesday,0,Pre-Monsoon,39.8,112,51.0,47,112,PM2.5,Unhealthy for Sensitive Groups,1,0
2025-04-30,35.30833333333333,43.770833333333336,13.208333333333334,5.166666666666667,714.9166666666666,18.379166666666666,14.1,24.0,2.1,3.8833333333333333,76.125,872.85,13.766666666666666,153.0235181854794,2025,4,April,2,Wednesday,0,Pre-Monsoon,35.3,100,43.0,40,100,PM2.5,Moderate,0,0
